Event_ID,VIN,Line,Station,TS,Anomaly_Type,Observed_Value,Expected_Range
EVT-00001,TB7Y6UXU89CUGK8RD,GA-2,STN-01,2025-08-14 17:15:00,torque_out_of_range,21.11,30-70 Nm
EVT-00009,AE9CVW2FHCV5MP7GD,GA-3,STN-09,2025-07-11 05:59:27,temperature_out_of_range,111.28,70-110 C
EVT-00010,57W67GTEXMTS5F866,GA-3,STN-02,2025-12-08 05:56:23,cycle_time_anomaly,10195326.0,5-600 seconds
EVT-00012,RSB5SBWNRZ2AJKPRK,GA-3,STN-07,2025-10-04 16:53:00,cycle_time_anomaly,1.0,5-600 seconds
EVT-00015,FBNGZ6XMCX1EG0WTC,GA-2,STN-01,2025-11-10 20:34:53,torque_out_of_range,27.64,30-70 Nm
EVT-00015,FBNGZ6XMCX1EG0WTC,GA-2,STN-01,2025-11-10 20:34:53,cycle_time_anomaly,2590735.0,5-600 seconds
EVT-00019,YK9G33UN6SACUU5MZ,GA-3,STN-03,2025-05-12 11:12:47,pressure_out_of_range,68.3,25-60 psi
EVT-00023,T2VS0FB8Y7JMTE3V7,GA-3,STN-05,2025-10-12 07:39:51,cycle_time_anomaly,801.0,5-600 seconds
EVT-00024,8YLWKXKNRPVMV5ZGP,GA-1,STN-05,2025-07-19 12:33:51,temperature_out_of_range,68.1,70-110 C
EVT-00030,YAPTRM6SFFUYX72S4,GA-1,STN-07,2025-05-11 13:05:22,cycle_time_anomaly,2.0,5-600 seconds
EVT-00031,718VLZDTT6B18WZDX,GA-3,STN-05,2025-03-21 12:56:07,pressure_out_of_range,21.0,25-60 psi
EVT-00033,6HB3TUW4CHFUM574H,GA-2,STN-05,2025-11-01 10:22:30,torque_out_of_range,89.76,30-70 Nm
EVT-00033,6HB3TUW4CHFUM574H,GA-2,STN-05,2025-11-01 10:22:30,temperature_out_of_range,124.5,70-110 C
EVT-00037,S4FHVRSKRMN8YC619,GA-3,STN-03,2025-09-24 10:29:58,torque_out_of_range,76.91,30-70 Nm
EVT-00037,S4FHVRSKRMN8YC619,GA-3,STN-03,2025-09-24 10:29:58,cycle_time_anomaly,762.0,5-600 seconds
EVT-00039,0M4HY5ZCTHZSNTM32,GA-2,STN-05,2025-06-25 14:59:00,temperature_out_of_range,128.0,70-110 C
EVT-00041,YRKXRG5K3Z77079WX,GA-1,STN-09,2025-07-05 14:25:52,pressure_out_of_range,68.1,25-60 psi
EVT-00046,9LXEYVFMTJBX9ZWMY,GA-2,STN-02,2025-05-24 10:49:29,cycle_time_anomaly,622.0,5-600 seconds
EVT-00052,6XFUM17ZMBNBPT8AA,GA-1,STN-02,2025-07-18 06:10:45,temperature_out_of_range,119.0,70-110 C
EVT-00059,6TUNX8EY6XASRW3YN,GA-3,STN-01,2025-11-04 20:26:00,cycle_time_anomaly,17883604.0,5-600 seconds
EVT-00063,EZP4GZB2GVWJ3ZAXH,GA-3,STN-05,2025-06-24 08:03:35,pressure_out_of_range,18.1,25-60 psi
EVT-00064,3F08C3870E1A79NMZ,GA-1,STN-03,2025-04-12 16:28:25,cycle_time_anomaly,664.0,5-600 seconds
EVT-00066,GVG81JX0GPWS2WNR6,GA-3,STN-01,2025-08-07 15:36:00,cycle_time_anomaly,2591819.0,5-600 seconds
EVT-00068,UF1RU6VTPVXEHAJHJ,GA-1,STN-03,2025-10-09 18:36:04,cycle_time_anomaly,2504464.0,5-600 seconds
EVT-00072,T0PSK64MFJ78JR4GU,GA-3,STN-07,2025-12-03 20:55:07,cycle_time_anomaly,918.0,5-600 seconds
EVT-00075,8D3PDKXDGTDPUP6PS,GA-1,STN-01,2025-11-07 17:34:36,cycle_time_anomaly,10280272.0,5-600 seconds
EVT-00083,T2DYKNYW6Z6J0UTGY,GA-3,STN-03,2025-06-08 13:27:40,temperature_out_of_range,119.0,70-110 C
EVT-00086,BPBY3Y13BN1J97DTS,GA-1,STN-09,2025-04-07 15:14:39,cycle_time_anomaly,699.0,5-600 seconds
EVT-00094,5NUH8FHG8YX2VP0P6,GA-3,STN-05,2025-11-05 17:43:55,cycle_time_anomaly,15378790.0,5-600 seconds
EVT-00098,56DESG881UB9FZZ9X,GA-2,STN-07,2025-01-17 09:47:31,pressure_out_of_range,64.8,25-60 psi
EVT-00098,56DESG881UB9FZZ9X,GA-2,STN-07,2025-01-17 09:47:31,cycle_time_anomaly,602.0,5-600 seconds
EVT-00100,LF55UTNJ62TSTZ2EZ,GA-2,STN-09,2025-02-08 12:44:36,cycle_time_anomaly,924.0,5-600 seconds
EVT-00103,VG8BB4DXVPCKWLYUH,GA-1,STN-07,2025-06-07 19:53:00,torque_out_of_range,26.11,30-70 Nm
EVT-00106,YN9VYEJNJD5ULPC8D,GA-1,STN-09,2025-08-05 10:55:28,cycle_time_anomaly,7689781.0,5-600 seconds
EVT-00108,9MM211LDA81ZR6E9K,GA-2,STN-01,2025-06-23 07:01:40,temperature_out_of_range,113.7,70-110 C
EVT-00109,BWKL084FDSPZF2JYJ,GA-3,STN-09,2025-12-02 12:51:13,cycle_time_anomaly,25315412.0,5-600 seconds
EVT-00110,FCW32NDCU2VZU0DED,GA-2,STN-01,2025-10-09 10:35:07,pressure_out_of_range,23.6,25-60 psi
EVT-00110,FCW32NDCU2VZU0DED,GA-2,STN-01,2025-10-09 10:35:07,cycle_time_anomaly,2505013.0,5-600 seconds
EVT-00111,PY4LYTJ00A0EN5PSY,GA-1,STN-07,2025-08-12 17:16:00,cycle_time_anomaly,849.0,5-600 seconds
EVT-00113,FLLDMGLXY5WDUUMF2,GA-2,STN-05,2025-10-21 13:04:14,torque_out_of_range,72.32,30-70 Nm
EVT-00114,795W3KSA7Y0WZ84P6,GA-1,STN-05,2025-04-04 06:08:39,cycle_time_anomaly,4.0,5-600 seconds
EVT-00119,LL0CCYXH3VGBN3Y33,GA-1,STN-09,2025-08-20 16:56:09,pressure_out_of_range,18.7,25-60 psi
EVT-00123,616N9TT7U30CW4VLC,GA-2,STN-07,2025-05-10 19:46:00,torque_out_of_range,79.76,30-70 Nm
EVT-00127,BUJRKB4PRDBRFMM6G,GA-2,STN-05,2025-07-02 13:53:48,cycle_time_anomaly,12527484.0,5-600 seconds
EVT-00130,LF55UTNJ62TSTZ2EZ,GA-2,STN-01,2025-08-02 12:27:00,temperature_out_of_range,116.8,70-110 C
EVT-00130,LF55UTNJ62TSTZ2EZ,GA-2,STN-01,2025-08-02 12:27:00,cycle_time_anomaly,15118944.0,5-600 seconds
EVT-00139,P8SRM39SDJ6FD01EG,GA-3,STN-02,2025-12-09 15:50:12,cycle_time_anomaly,7603424.0,5-600 seconds
EVT-00143,TE0TDZYZVS5TNT9XM,GA-3,STN-05,2025-06-02 05:46:37,torque_out_of_range,77.52,30-70 Nm
EVT-00144,KXEF3MXV5CFHLKJYJ,GA-2,STN-03,2025-06-24 19:29:13,torque_out_of_range,29.78,30-70 Nm
EVT-00144,KXEF3MXV5CFHLKJYJ,GA-2,STN-03,2025-06-24 19:29:13,pressure_out_of_range,61.8,25-60 psi
EVT-00145,VMJK509TWKMCY50PG,GA-3,STN-05,2025-09-08 15:28:24,temperature_out_of_range,113.61,70-110 C
EVT-00146,7DHMFPLNSC3YNCHKW,GA-3,STN-01,2025-12-18 10:16:00,torque_out_of_range,88.23,30-70 Nm
EVT-00150,1LFSP0TYDR46AFZGG,GA-2,STN-02,2025-12-06 15:28:34,cycle_time_anomaly,15292156.0,5-600 seconds
EVT-00151,WP6E0N8Z4YBBM0J33,GA-2,STN-09,2025-02-12 18:22:15,torque_out_of_range,80.38,30-70 Nm
EVT-00155,0ZF3EX5JH5WEANT5U,GA-2,STN-02,2025-10-06 16:46:37,cycle_time_anomaly,10194283.0,5-600 seconds
EVT-00156,0UJ89WW2FFPES2SVC,GA-2,STN-05,2025-09-09 18:35:26,pressure_out_of_range,22.2,25-60 psi
EVT-00157,K5E0T96KX1PN524KT,GA-3,STN-09,2025-10-04 08:16:54,cycle_time_anomaly,834.0,5-600 seconds
EVT-00158,VMJK509TWKMCY50PG,GA-3,STN-02,2025-09-08 15:18:40,cycle_time_anomaly,2592087.0,5-600 seconds
EVT-00162,D76U0N9CDE4CVR8HJ,GA-1,STN-05,2025-07-23 15:47:28,cycle_time_anomaly,657.0,5-600 seconds
EVT-00166,VDUMJ53UHTM96FF31,GA-1,STN-09,2025-02-14 16:31:54,temperature_out_of_range,113.3,70-110 C
EVT-00172,Z0JSPVS0WHTYVJW35,GA-2,STN-01,2025-08-06 20:30:16,cycle_time_anomaly,5096478.0,5-600 seconds
EVT-00177,B6X0LPPGWWE3V2F6T,GA-1,STN-05,2025-02-09 11:15:51,temperature_out_of_range,56.72,70-110 C
EVT-00184,K5E0T96KX1PN524KT,GA-3,STN-02,2025-10-04 07:57:00,cycle_time_anomaly,1036.0,5-600 seconds
EVT-00190,XZDVKRVXZVJPCEW7H,GA-2,STN-02,2025-11-25 20:38:00,pressure_out_of_range,20.1,25-60 psi
EVT-00203,6ARZY5L4PEUTUB0B7,GA-2,STN-03,2025-08-11 05:35:26,pressure_out_of_range,21.0,25-60 psi
EVT-00204,1LFSP0TYDR46AFZGG,GA-2,STN-09,2025-06-12 15:37:26,temperature_out_of_range,66.8,70-110 C
EVT-00217,HCDBRV4D4NHW23DK0,GA-1,STN-03,2025-03-18 17:21:52,torque_out_of_range,20.6,30-70 Nm
EVT-00229,B6X0LPPGWWE3V2F6T,GA-1,STN-03,2025-09-02 11:02:10,temperature_out_of_range,50.7,70-110 C
EVT-00229,B6X0LPPGWWE3V2F6T,GA-1,STN-03,2025-09-02 11:02:10,cycle_time_anomaly,651.0,5-600 seconds
EVT-00230,YRKXRG5K3Z77079WX,GA-1,STN-05,2025-07-05 14:12:40,torque_out_of_range,19.69,30-70 Nm
EVT-00231,AYNM1ALSEDU2WSVV2,GA-3,STN-01,2025-10-02 15:15:00,cycle_time_anomaly,20216720.0,5-600 seconds
EVT-00235,LR1BM85R4EBS3WZAS,GA-3,STN-07,2025-11-03 14:55:12,temperature_out_of_range,66.1,70-110 C
EVT-00235,LR1BM85R4EBS3WZAS,GA-3,STN-07,2025-11-03 14:55:12,pressure_out_of_range,71.5,25-60 psi
EVT-00237,GPR1E62N3RR2XM3J1,GA-1,STN-01,2025-05-21 16:13:03,torque_out_of_range,24.68,30-70 Nm
EVT-00240,5FUM7TBTYCZ643M34,GA-3,STN-09,2025-06-06 14:04:27,pressure_out_of_range,22.9,25-60 psi
EVT-00241,CXDW97088CBDPKECS,GA-3,STN-03,2025-04-07 16:11:58,pressure_out_of_range,21.9,25-60 psi
EVT-00247,TXGP6XRFK6YX5DMM9,GA-2,STN-05,2025-09-01 10:39:04,cycle_time_anomaly,4.0,5-600 seconds
EVT-00253,LYXUT2VDHAS3J9Y3H,GA-3,STN-05,2025-08-19 11:09:14,torque_out_of_range,23.97,30-70 Nm
EVT-00255,M2THBCC2ZG1PCNS9A,GA-1,STN-01,2025-06-02 12:15:46,cycle_time_anomaly,10020995.0,5-600 seconds
EVT-00258,3CRZU9F2PL5X0D4NK,GA-2,STN-09,2025-06-05 07:15:49,temperature_out_of_range,48.6,70-110 C
EVT-00258,3CRZU9F2PL5X0D4NK,GA-2,STN-09,2025-06-05 07:15:49,cycle_time_anomaly,807.0,5-600 seconds
EVT-00282,V0A2G6AP8VBK6U3RN,GA-2,STN-05,2025-01-13 15:39:24,temperature_out_of_range,51.2,70-110 C
EVT-00296,AMH35SMJV20E51L62,GA-3,STN-01,2025-09-08 11:05:36,pressure_out_of_range,18.6,25-60 psi
EVT-00296,AMH35SMJV20E51L62,GA-3,STN-01,2025-09-08 11:05:36,cycle_time_anomaly,2591243.0,5-600 seconds
EVT-00299,FD3WEY2ETGXV283A6,GA-3,STN-05,2025-04-04 13:39:07,torque_out_of_range,29.89,30-70 Nm
EVT-00299,FD3WEY2ETGXV283A6,GA-3,STN-05,2025-04-04 13:39:07,pressure_out_of_range,20.7,25-60 psi
EVT-00301,9BLB8MC6NZLS9A2B1,GA-2,STN-07,2025-11-08 12:21:18,cycle_time_anomaly,924.0,5-600 seconds
EVT-00302,BPBY3Y13BN1J97DTS,GA-1,STN-05,2025-07-04 15:09:16,temperature_out_of_range,124.6,70-110 C
EVT-00302,BPBY3Y13BN1J97DTS,GA-1,STN-05,2025-07-04 15:09:16,cycle_time_anomaly,7602877.0,5-600 seconds
EVT-00305,URFVEPEZUZ189F9V6,GA-2,STN-01,2025-07-23 18:32:32,pressure_out_of_range,68.7,25-60 psi
EVT-00309,J7CZTBW6SBJB2N0NY,GA-1,STN-09,2025-03-20 13:38:09,cycle_time_anomaly,702.0,5-600 seconds
EVT-00311,9WHP4DF4KY1G9DSAZ,GA-1,STN-07,2025-02-07 20:50:07,temperature_out_of_range,120.11,70-110 C
EVT-00313,1AJ32S464V4LEHF15,GA-1,STN-03,2025-02-08 12:55:27,cycle_time_anomaly,747.0,5-600 seconds
EVT-00323,YC8U28U1TAYU8KG44,GA-3,STN-03,2025-08-03 15:39:51,cycle_time_anomaly,12787196.0,5-600 seconds
EVT-00331,616N9TT7U30CW4VLC,GA-2,STN-05,2025-10-05 19:45:28,pressure_out_of_range,21.8,25-60 psi
EVT-00331,616N9TT7U30CW4VLC,GA-2,STN-05,2025-10-05 19:45:28,cycle_time_anomaly,12786726.0,5-600 seconds
EVT-00335,UF1RU6VTPVXEHAJHJ,GA-1,STN-09,2025-09-10 18:55:00,torque_out_of_range,23.56,30-70 Nm
EVT-00336,T0PSK64MFJ78JR4GU,GA-3,STN-05,2025-03-12 20:56:30,cycle_time_anomaly,994.0,5-600 seconds
EVT-00337,MZ46LEFTAWEM04LK5,GA-2,STN-05,2025-02-14 17:12:39,cycle_time_anomaly,4.0,5-600 seconds
EVT-00338,MZXF5SDZLX4STXG4P,GA-1,STN-09,2025-07-17 15:37:00,temperature_out_of_range,123.7,70-110 C
EVT-00341,8L5KBUT6GTC3GLD3U,GA-2,STN-01,2025-09-05 18:01:45,cycle_time_anomaly,10279964.0,5-600 seconds
EVT-00347,ETSA00YWKK0CPHY0B,GA-2,STN-05,2025-08-02 19:18:50,torque_out_of_range,29.48,30-70 Nm
EVT-00347,ETSA00YWKK0CPHY0B,GA-2,STN-05,2025-08-02 19:18:50,cycle_time_anomaly,15119690.0,5-600 seconds
EVT-00351,C588J4TBBMPM34TGW,GA-2,STN-01,2025-11-02 09:56:24,cycle_time_anomaly,22808624.0,5-600 seconds
EVT-00354,PUVY6J2ZFTLSZP891,GA-1,STN-05,2025-11-17 07:45:26,torque_out_of_range,24.38,30-70 Nm
EVT-00355,JE8JN8WG3MD7V0G45,GA-2,STN-01,2025-10-09 05:33:47,temperature_out_of_range,122.89,70-110 C
EVT-00355,JE8JN8WG3MD7V0G45,GA-2,STN-01,2025-10-09 05:33:47,cycle_time_anomaly,2504167.0,5-600 seconds
EVT-00357,T5RZZ05ZMHU73733B,GA-2,STN-03,2025-05-10 13:07:18,torque_out_of_range,25.6,30-70 Nm
EVT-00360,0UJ89WW2FFPES2SVC,GA-2,STN-01,2025-09-09 18:27:35,pressure_out_of_range,21.3,25-60 psi
EVT-00367,BNY0V2EMUY115012L,GA-2,STN-05,2025-09-22 18:34:34,pressure_out_of_range,63.4,25-60 psi
EVT-00371,KEL05UP0N32UC4U4Y,GA-3,STN-01,2025-11-04 10:39:38,cycle_time_anomaly,17882807.0,5-600 seconds
EVT-00375,13L4J0XZJY7BTSBAJ,GA-3,STN-05,2025-12-10 16:08:30,pressure_out_of_range,23.4,25-60 psi
EVT-00376,T2DYKNYW6Z6J0UTGY,GA-3,STN-07,2025-08-06 13:39:36,cycle_time_anomaly,1070.0,5-600 seconds
EVT-00382,JCEJMN9LPJSXHTS34,GA-3,STN-09,2025-11-08 11:05:03,pressure_out_of_range,61.5,25-60 psi
EVT-00385,S4FHVRSKRMN8YC619,GA-3,STN-07,2025-09-24 10:33:00,temperature_out_of_range,112.1,70-110 C
EVT-00390,9K3GKA4MH1N6P9T7L,GA-1,STN-07,2025-07-01 16:35:01,cycle_time_anomaly,783.0,5-600 seconds
EVT-00393,N74RF4JP3YM43P8JP,GA-2,STN-07,2025-05-19 19:39:44,pressure_out_of_range,21.7,25-60 psi
EVT-00393,N74RF4JP3YM43P8JP,GA-2,STN-07,2025-05-19 19:39:44,cycle_time_anomaly,798.0,5-600 seconds
EVT-00395,0N0S8GBJXAWLFDJZV,GA-1,STN-07,2025-08-09 11:53:54,temperature_out_of_range,55.2,70-110 C
EVT-00404,LPSEBSX2GVKB6MY01,GA-1,STN-05,2025-09-06 15:03:16,torque_out_of_range,28.36,30-70 Nm
EVT-00406,A1RY99DBK4ERBP127,GA-2,STN-02,2025-07-20 09:56:26,torque_out_of_range,24.38,30-70 Nm
EVT-00407,H6GB6R8KG8SU28R7V,GA-2,STN-07,2025-09-20 11:28:05,pressure_out_of_range,22.2,25-60 psi
EVT-00408,XKB08A16Z6MHGA80P,GA-1,STN-05,2025-02-02 15:05:07,torque_out_of_range,27.13,30-70 Nm
EVT-00420,PPZ23CM5AFR71S2PA,GA-2,STN-03,2025-04-05 05:46:00,torque_out_of_range,78.64,30-70 Nm
EVT-00422,9BLB8MC6NZLS9A2B1,GA-2,STN-02,2025-11-08 12:05:54,cycle_time_anomaly,7688400.0,5-600 seconds
EVT-00423,5NUH8FHG8YX2VP0P6,GA-3,STN-09,2025-05-11 17:50:45,cycle_time_anomaly,751.0,5-600 seconds
EVT-00425,BXZVHX0JVF0M8GDW2,GA-2,STN-01,2025-07-10 10:36:59,temperature_out_of_range,58.7,70-110 C
EVT-00427,1AJ32S464V4LEHF15,GA-1,STN-07,2025-08-02 13:02:07,cycle_time_anomaly,725.0,5-600 seconds
EVT-00433,UF1RU6VTPVXEHAJHJ,GA-1,STN-07,2025-09-10 18:52:48,cycle_time_anomaly,1303.0,5-600 seconds
EVT-00439,6ARZY5L4PEUTUB0B7,GA-2,STN-02,2025-08-11 05:29:00,torque_out_of_range,72.93,30-70 Nm
EVT-00441,D8B2AM1HGC0TNPL8X,GA-2,STN-09,2025-05-11 12:31:20,torque_out_of_range,75.58,30-70 Nm
EVT-00441,D8B2AM1HGC0TNPL8X,GA-2,STN-09,2025-05-11 12:31:20,cycle_time_anomaly,1332.0,5-600 seconds
EVT-00442,3K9JB79ZK65XRPLRF,GA-3,STN-05,2025-06-14 16:42:00,temperature_out_of_range,59.6,70-110 C
EVT-00443,AE9CVW2FHCV5MP7GD,GA-3,STN-03,2025-07-11 05:51:18,torque_out_of_range,20.4,30-70 Nm
EVT-00445,S58LZ8511LNKKVP4K,GA-1,STN-09,2025-03-10 14:01:50,pressure_out_of_range,68.8,25-60 psi
EVT-00445,S58LZ8511LNKKVP4K,GA-1,STN-09,2025-03-10 14:01:50,cycle_time_anomaly,650.0,5-600 seconds
EVT-00447,B8457BFZX373WJVAC,GA-2,STN-01,2025-08-03 08:53:00,cycle_time_anomaly,12786816.0,5-600 seconds
EVT-00450,3CRZU9F2PL5X0D4NK,GA-2,STN-07,2025-06-05 07:02:22,cycle_time_anomaly,2.0,5-600 seconds
EVT-00451,13C534E4CG52D7286,GA-1,STN-02,2025-12-03 07:54:12,pressure_out_of_range,62.7,25-60 psi
EVT-00451,13C534E4CG52D7286,GA-1,STN-02,2025-12-03 07:54:12,cycle_time_anomaly,22981332.0,5-600 seconds
EVT-00462,VMJK509TWKMCY50PG,GA-3,STN-03,2025-09-08 15:24:08,pressure_out_of_range,20.4,25-60 psi
EVT-00463,ZDF2KH27UBT5CKFEX,GA-2,STN-02,2025-07-10 16:04:33,pressure_out_of_range,22.7,25-60 psi
EVT-00464,DHXYCX6ZSA75DC1UY,GA-3,STN-07,2025-04-03 16:37:50,cycle_time_anomaly,1131.0,5-600 seconds
EVT-00465,YK9G33UN6SACUU5MZ,GA-3,STN-01,2025-12-05 11:15:35,cycle_time_anomaly,17884466.0,5-600 seconds
EVT-00467,XPN6EAXD3HAWY66LE,GA-3,STN-03,2025-06-04 08:13:14,cycle_time_anomaly,5097343.0,5-600 seconds
EVT-00470,9A43Y44YVEDSJ5P0C,GA-3,STN-03,2025-11-24 19:07:00,temperature_out_of_range,56.0,70-110 C
EVT-00474,BA0TY9SSTNDZ1ETH5,GA-1,STN-05,2025-03-11 18:50:45,pressure_out_of_range,18.1,25-60 psi
EVT-00475,3VYTUL7FFFR2GX3KV,GA-3,STN-03,2025-06-10 09:13:40,pressure_out_of_range,19.5,25-60 psi
EVT-00476,2ZFT0F73344NLY4FS,GA-3,STN-03,2025-09-15 07:27:00,torque_out_of_range,21.42,30-70 Nm
EVT-00477,HCDBRV4D4NHW23DK0,GA-1,STN-01,2025-03-18 17:06:00,temperature_out_of_range,126.3,70-110 C
EVT-00478,M6SDM8SVGCHPLS997,GA-2,STN-05,2025-11-23 12:53:12,temperature_out_of_range,49.0,70-110 C
EVT-00479,VG8BB4DXVPCKWLYUH,GA-1,STN-01,2025-07-06 19:36:48,torque_out_of_range,28.97,30-70 Nm
EVT-00479,VG8BB4DXVPCKWLYUH,GA-1,STN-01,2025-07-06 19:36:48,cycle_time_anomaly,2504328.0,5-600 seconds
EVT-00483,E2ZBM0RTCURN8Z954,GA-2,STN-09,2025-09-18 09:23:17,pressure_out_of_range,67.1,25-60 psi
EVT-00485,CJE8T3BB9S4Y1W4DY,GA-3,STN-07,2025-10-19 18:05:00,torque_out_of_range,87.01,30-70 Nm
EVT-00485,CJE8T3BB9S4Y1W4DY,GA-3,STN-07,2025-10-19 18:05:00,pressure_out_of_range,61.6,25-60 psi
EVT-00487,6TUNX8EY6XASRW3YN,GA-3,STN-03,2025-11-04 20:31:33,temperature_out_of_range,119.3,70-110 C
EVT-00490,57W67GTEXMTS5F866,GA-3,STN-05,2025-12-08 06:04:44,pressure_out_of_range,20.0,25-60 psi
EVT-00498,6LBCHZ3U5S31F17GR,GA-2,STN-03,2025-09-14 14:16:17,torque_out_of_range,26.72,30-70 Nm
EVT-00500,7LNX4WTTTVSALDPL6,GA-1,STN-03,2025-11-01 20:32:34,torque_out_of_range,23.26,30-70 Nm
EVT-00501,UM6Y4K4PXA4S0MXDD,GA-3,STN-03,2025-04-11 11:13:14,pressure_out_of_range,64.0,25-60 psi
EVT-00502,BWKL084FDSPZF2JYJ,GA-3,STN-01,2025-02-12 12:40:00,torque_out_of_range,87.92,30-70 Nm
EVT-00503,ETSA00YWKK0CPHY0B,GA-2,STN-09,2025-08-02 19:31:13,cycle_time_anomaly,743.0,5-600 seconds
EVT-00507,13L4J0XZJY7BTSBAJ,GA-3,STN-03,2025-12-10 16:02:52,torque_out_of_range,29.99,30-70 Nm
EVT-00517,G0X3GXVFRF427UT26,GA-1,STN-01,2025-12-20 17:00:18,torque_out_of_range,21.22,30-70 Nm
EVT-00517,G0X3GXVFRF427UT26,GA-1,STN-01,2025-12-20 17:00:18,pressure_out_of_range,22.2,25-60 psi
EVT-00524,BY0GK7U5BFYPFX8YE,GA-3,STN-03,2025-06-10 10:56:00,temperature_out_of_range,54.89,70-110 C
EVT-00525,FTJNRNZN5SDCHKXLN,GA-2,STN-03,2025-06-14 14:35:45,cycle_time_anomaly,631.0,5-600 seconds
EVT-00526,CL7XYD6KKSKAB1Z2M,GA-2,STN-09,2025-10-01 19:06:03,torque_out_of_range,88.74,30-70 Nm
EVT-00526,CL7XYD6KKSKAB1Z2M,GA-2,STN-09,2025-10-01 19:06:03,pressure_out_of_range,21.1,25-60 psi
EVT-00527,VDUMJ53UHTM96FF31,GA-1,STN-03,2025-02-14 16:11:44,torque_out_of_range,22.13,30-70 Nm
EVT-00532,8374WBEHDNP9GZTK0,GA-3,STN-02,2025-03-16 10:13:23,torque_out_of_range,75.99,30-70 Nm
EVT-00537,06EW5K03NXYSPG983,GA-2,STN-07,2025-12-11 07:05:38,torque_out_of_range,29.27,30-70 Nm
EVT-00537,06EW5K03NXYSPG983,GA-2,STN-07,2025-12-11 07:05:38,cycle_time_anomaly,2505315.0,5-600 seconds
EVT-00538,UF1RU6VTPVXEHAJHJ,GA-1,STN-05,2025-10-09 18:49:33,cycle_time_anomaly,809.0,5-600 seconds
EVT-00539,4Z8M7YXZ0S4CV37TC,GA-2,STN-01,2025-10-04 18:08:15,temperature_out_of_range,111.39,70-110 C
EVT-00541,3K9JB79ZK65XRPLRF,GA-3,STN-07,2025-06-14 16:54:19,cycle_time_anomaly,739.0,5-600 seconds
EVT-00542,6XM2YTR5JDXA787VA,GA-3,STN-01,2025-12-11 15:04:46,pressure_out_of_range,21.2,25-60 psi
EVT-00542,6XM2YTR5JDXA787VA,GA-3,STN-01,2025-12-11 15:04:46,cycle_time_anomaly,2504791.0,5-600 seconds
EVT-00544,1VKBG4FK229FRJ0H9,GA-2,STN-01,2025-02-10 12:21:00,torque_out_of_range,83.95,30-70 Nm
EVT-00547,DHXYCX6ZSA75DC1UY,GA-3,STN-02,2025-04-03 16:17:00,cycle_time_anomaly,2591576.0,5-600 seconds
EVT-00553,5FUM7TBTYCZ643M34,GA-3,STN-01,2025-06-06 13:45:44,temperature_out_of_range,59.9,70-110 C
EVT-00557,VLP2241AFV3C40XAM,GA-1,STN-09,2025-03-07 15:37:16,cycle_time_anomaly,702.0,5-600 seconds
EVT-00558,NFRPHPABDD5TB8MGB,GA-3,STN-07,2025-03-16 06:02:00,temperature_out_of_range,48.4,70-110 C
EVT-00559,P9RJR1YTM9GM52SD5,GA-1,STN-02,2025-03-05 16:29:51,pressure_out_of_range,20.5,25-60 psi
EVT-00560,F07ZGVD6PP7F6B1L8,GA-1,STN-05,2025-11-08 07:39:17,cycle_time_anomaly,1001.0,5-600 seconds
EVT-00569,BM3HYZJCKV2DLPV84,GA-2,STN-01,2025-06-11 20:58:30,torque_out_of_range,82.01,30-70 Nm
EVT-00569,BM3HYZJCKV2DLPV84,GA-2,STN-01,2025-06-11 20:58:30,temperature_out_of_range,119.0,70-110 C
EVT-00575,W2XBA3FHRU4KMJ1LK,GA-3,STN-03,2025-03-20 20:04:28,torque_out_of_range,26.11,30-70 Nm
EVT-00579,F4F86C2FT5ZE45VD3,GA-3,STN-09,2025-10-14 10:39:21,temperature_out_of_range,61.7,70-110 C
EVT-00582,JTAWRY1Y1CCDED7U0,GA-2,STN-07,2025-12-17 07:45:00,torque_out_of_range,82.82,30-70 Nm
EVT-00589,PKFYMYJRDVVJ111LH,GA-3,STN-09,2025-02-25 14:27:53,pressure_out_of_range,21.0,25-60 psi
EVT-00590,F6C8NNLKNXV9ZYZ12,GA-3,STN-05,2025-01-11 15:52:22,cycle_time_anomaly,682.0,5-600 seconds
EVT-00594,9MM211LDA81ZR6E9K,GA-2,STN-07,2025-06-23 07:19:36,torque_out_of_range,21.62,30-70 Nm
EVT-00605,XP8WN67KR54TWGS0X,GA-3,STN-07,2025-02-01 09:54:59,cycle_time_anomaly,714.0,5-600 seconds
EVT-00606,91994W5RENGTXCE5A,GA-3,STN-01,2025-04-21 20:03:00,torque_out_of_range,26.21,30-70 Nm
EVT-00607,B6X0LPPGWWE3V2F6T,GA-1,STN-05,2025-02-09 11:06:42,cycle_time_anomaly,649.0,5-600 seconds
EVT-00609,31WBMC97C7BP229YP,GA-2,STN-09,2025-08-13 17:18:00,torque_out_of_range,78.54,30-70 Nm
EVT-00609,31WBMC97C7BP229YP,GA-2,STN-09,2025-08-13 17:18:00,temperature_out_of_range,59.22,70-110 C
EVT-00611,XKB08A16Z6MHGA80P,GA-1,STN-09,2025-02-02 15:10:55,torque_out_of_range,24.89,30-70 Nm
EVT-00614,F4F86C2FT5ZE45VD3,GA-3,STN-03,2025-10-14 10:28:38,pressure_out_of_range,64.9,25-60 psi
EVT-00616,WSCGH8A7B2BB72PDB,GA-3,STN-09,2025-05-10 21:17:13,cycle_time_anomaly,788.0,5-600 seconds
EVT-00617,JU5YJPLZK4XX8PTV7,GA-2,STN-05,2025-10-08 09:16:26,cycle_time_anomaly,707.0,5-600 seconds
EVT-00621,EU1UA0YWMPF0BLJ3N,GA-3,STN-01,2025-08-07 12:06:00,cycle_time_anomaly,2591656.0,5-600 seconds
EVT-00623,4XBWDDU8NCHD8MEYY,GA-3,STN-02,2025-12-06 16:42:53,cycle_time_anomaly,15291972.0,5-600 seconds
EVT-00628,1LFSP0TYDR46AFZGG,GA-2,STN-05,2025-06-12 15:35:00,cycle_time_anomaly,655.0,5-600 seconds
EVT-00638,44RAABMYVPWC6V8RJ,GA-3,STN-02,2025-05-16 09:21:13,temperature_out_of_range,55.72,70-110 C
EVT-00650,7LNX4WTTTVSALDPL6,GA-1,STN-01,2025-11-01 20:16:00,cycle_time_anomaly,25400298.0,5-600 seconds
EVT-00662,BT4E30CERPXC2SZ9M,GA-1,STN-03,2025-01-25 05:39:54,temperature_out_of_range,61.1,70-110 C
EVT-00663,L16AJT6EU4CB03DLE,GA-2,STN-07,2025-01-16 19:10:08,cycle_time_anomaly,810.0,5-600 seconds
EVT-00664,BRBDXNA3LF4UL0KJZ,GA-3,STN-03,2025-09-07 11:15:28,torque_out_of_range,25.09,30-70 Nm
EVT-00666,ETSA00YWKK0CPHY0B,GA-2,STN-07,2025-02-08 19:24:00,cycle_time_anomaly,647.0,5-600 seconds
EVT-00671,J54ZYH0KJEX6PT7YN,GA-2,STN-01,2025-10-03 16:28:37,temperature_out_of_range,48.89,70-110 C
EVT-00673,RYUFW1TEDEAT0XG19,GA-2,STN-03,2025-12-02 06:11:19,pressure_out_of_range,18.7,25-60 psi
EVT-00673,RYUFW1TEDEAT0XG19,GA-2,STN-03,2025-12-02 06:11:19,cycle_time_anomaly,25314463.0,5-600 seconds
EVT-00675,RNF4JC1KUHBTMRRNT,GA-1,STN-07,2025-07-01 10:45:03,torque_out_of_range,83.33,30-70 Nm
EVT-00682,KEL05UP0N32UC4U4Y,GA-3,STN-05,2025-11-04 11:18:08,torque_out_of_range,24.38,30-70 Nm
EVT-00682,KEL05UP0N32UC4U4Y,GA-3,STN-05,2025-11-04 11:18:08,cycle_time_anomaly,1088.0,5-600 seconds
EVT-00684,9B7NYZWB04GJHJJ41,GA-2,STN-05,2025-07-19 07:40:26,pressure_out_of_range,71.5,25-60 psi
EVT-00685,RAJD61WS2S6ZHABF1,GA-1,STN-05,2025-07-06 11:05:45,torque_out_of_range,79.15,30-70 Nm
EVT-00686,TXGP6XRFK6YX5DMM9,GA-2,STN-09,2025-09-01 10:54:20,cycle_time_anomaly,890.0,5-600 seconds
EVT-00688,DJYFXVYY8L3DDH1VZ,GA-3,STN-03,2025-12-08 17:35:43,cycle_time_anomaly,10195060.0,5-600 seconds
EVT-00695,8YLWKXKNRPVMV5ZGP,GA-1,STN-07,2025-07-19 12:31:44,torque_out_of_range,73.24,30-70 Nm
EVT-00697,5FGBV63JH2N0A5ZD3,GA-2,STN-03,2025-01-18 09:20:00,torque_out_of_range,87.11,30-70 Nm
EVT-00700,8CHD3ZPUTDBKNKW36,GA-2,STN-02,2025-05-14 14:27:49,torque_out_of_range,26.01,30-70 Nm
EVT-00702,BRBDXNA3LF4UL0KJZ,GA-3,STN-07,2025-09-07 11:34:50,torque_out_of_range,19.58,30-70 Nm
EVT-00703,6BRXZP653DZJYM8PF,GA-2,STN-02,2025-09-07 12:25:26,cycle_time_anomaly,5182982.0,5-600 seconds
EVT-00707,NNMRFG1R25FY580NU,GA-1,STN-09,2025-06-18 10:30:05,torque_out_of_range,20.91,30-70 Nm
EVT-00713,SWGYP235X5EM4431S,GA-2,STN-05,2025-06-23 12:02:15,pressure_out_of_range,64.8,25-60 psi
EVT-00715,L70VNSB8NFL4DGLE8,GA-2,STN-09,2025-05-10 12:58:47,torque_out_of_range,19.89,30-70 Nm
EVT-00715,L70VNSB8NFL4DGLE8,GA-2,STN-09,2025-05-10 12:58:47,cycle_time_anomaly,868.0,5-600 seconds
EVT-00719,AAHWX958YKKS6Y5LD,GA-1,STN-07,2025-08-13 11:05:00,temperature_out_of_range,50.2,70-110 C
EVT-00721,L70VNSB8NFL4DGLE8,GA-2,STN-03,2025-10-05 12:36:18,temperature_out_of_range,131.72,70-110 C
EVT-00721,L70VNSB8NFL4DGLE8,GA-2,STN-03,2025-10-05 12:36:18,cycle_time_anomaly,12785851.0,5-600 seconds
EVT-00722,B6VAXZ0X7X34446PP,GA-2,STN-03,2025-01-20 16:25:29,cycle_time_anomaly,826.0,5-600 seconds
EVT-00728,3F08C3870E1A79NMZ,GA-1,STN-02,2025-12-04 16:21:00,cycle_time_anomaly,20389447.0,5-600 seconds
EVT-00740,VFXHR7TTK58GDFHWJ,GA-1,STN-07,2025-08-01 14:51:50,cycle_time_anomaly,766.0,5-600 seconds
EVT-00744,5HK1B6F84YA061XZZ,GA-3,STN-05,2025-12-07 07:43:34,cycle_time_anomaly,12786548.0,5-600 seconds
EVT-00745,6LBCHZ3U5S31F17GR,GA-2,STN-02,2025-09-14 14:15:00,pressure_out_of_range,64.7,25-60 psi
EVT-00751,YK9G33UN6SACUU5MZ,GA-3,STN-02,2025-05-12 11:09:44,pressure_out_of_range,63.8,25-60 psi
EVT-00754,B6X0LPPGWWE3V2F6T,GA-1,STN-09,2025-02-09 11:18:09,temperature_out_of_range,49.4,70-110 C
EVT-00762,8CV57TPB0DS7JAMJM,GA-1,STN-01,2025-03-07 15:59:48,pressure_out_of_range,18.3,25-60 psi
EVT-00764,RSB5SBWNRZ2AJKPRK,GA-3,STN-09,2025-10-04 16:57:02,pressure_out_of_range,67.2,25-60 psi
EVT-00769,RNF4JC1KUHBTMRRNT,GA-1,STN-02,2025-07-01 10:28:16,cycle_time_anomaly,2.0,5-600 seconds
EVT-00774,F4F86C2FT5ZE45VD3,GA-3,STN-07,2025-10-14 10:40:19,temperature_out_of_range,62.0,70-110 C
EVT-00776,DX29RHBCHVAV56J69,GA-1,STN-01,2025-10-02 13:57:34,cycle_time_anomaly,20216938.0,5-600 seconds
EVT-00783,JU5YJPLZK4XX8PTV7,GA-2,STN-01,2025-10-08 09:04:39,cycle_time_anomaly,5097117.0,5-600 seconds
EVT-00786,XW6FLWZXARKE5AJS2,GA-1,STN-05,2025-07-19 14:17:48,torque_out_of_range,75.58,30-70 Nm
EVT-00787,A1CW7MZZCJ4R1ST2L,GA-3,STN-07,2025-04-08 10:28:00,pressure_out_of_range,21.9,25-60 psi
EVT-00791,RNF4JC1KUHBTMRRNT,GA-1,STN-09,2025-07-01 10:49:01,torque_out_of_range,18.67,30-70 Nm
EVT-00797,6FTL5XNA34TVBGWNK,GA-1,STN-07,2025-01-14 17:39:00,temperature_out_of_range,62.22,70-110 C
EVT-00797,6FTL5XNA34TVBGWNK,GA-1,STN-07,2025-01-14 17:39:00,cycle_time_anomaly,660.0,5-600 seconds
EVT-00801,34F60GMMF5PTEFMJJ,GA-1,STN-03,2025-03-14 12:52:33,cycle_time_anomaly,745.0,5-600 seconds
EVT-00803,BXZVHX0JVF0M8GDW2,GA-2,STN-09,2025-07-10 10:52:14,cycle_time_anomaly,915.0,5-600 seconds
EVT-00815,PH9TDBDX3PCN9U95A,GA-2,STN-01,2025-02-22 13:49:41,cycle_time_anomaly,614.0,5-600 seconds
EVT-00819,13C534E4CG52D7286,GA-1,STN-03,2025-03-12 08:00:35,torque_out_of_range,25.6,30-70 Nm
EVT-00819,13C534E4CG52D7286,GA-1,STN-03,2025-03-12 08:00:35,cycle_time_anomaly,755.0,5-600 seconds
EVT-00820,RYUFW1TEDEAT0XG19,GA-2,STN-01,2025-02-12 05:49:42,pressure_out_of_range,68.5,25-60 psi
EVT-00820,RYUFW1TEDEAT0XG19,GA-2,STN-01,2025-02-12 05:49:42,cycle_time_anomaly,617.0,5-600 seconds
EVT-00824,TB7Y6UXU89CUGK8RD,GA-2,STN-05,2025-08-14 17:28:24,pressure_out_of_range,20.1,25-60 psi
EVT-00827,B6VAXZ0X7X34446PP,GA-2,STN-01,2025-01-20 16:07:00,torque_out_of_range,29.99,30-70 Nm
EVT-00827,B6VAXZ0X7X34446PP,GA-2,STN-01,2025-01-20 16:07:00,temperature_out_of_range,133.0,70-110 C
EVT-00829,GB7J42J1VZ50CERWX,GA-3,STN-01,2025-07-20 11:08:30,torque_out_of_range,29.89,30-70 Nm
EVT-00834,BAML519CXKYCMNNWV,GA-1,STN-09,2025-06-04 08:57:13,cycle_time_anomaly,757.0,5-600 seconds
EVT-00836,J7CZTBW6SBJB2N0NY,GA-1,STN-02,2025-03-20 13:13:51,pressure_out_of_range,61.9,25-60 psi
EVT-00839,F07ZGVD6PP7F6B1L8,GA-1,STN-07,2025-11-08 07:39:45,temperature_out_of_range,62.2,70-110 C
EVT-00840,5Z99BA26REY4ZL4FV,GA-1,STN-05,2025-06-18 12:33:31,pressure_out_of_range,65.6,25-60 psi
EVT-00842,F07ZGVD6PP7F6B1L8,GA-1,STN-01,2025-11-08 07:20:32,temperature_out_of_range,125.89,70-110 C
EVT-00842,F07ZGVD6PP7F6B1L8,GA-1,STN-01,2025-11-08 07:20:32,cycle_time_anomaly,7689427.0,5-600 seconds
EVT-00849,CXDW97088CBDPKECS,GA-3,STN-02,2025-04-07 16:07:14,pressure_out_of_range,64.2,25-60 psi
EVT-00852,09LFER95K4AXLAT1X,GA-2,STN-07,2025-12-10 21:13:24,pressure_out_of_range,67.1,25-60 psi
EVT-00853,AD1CGA65UCXBAKPCZ,GA-1,STN-07,2025-12-09 21:09:05,cycle_time_anomaly,724.0,5-600 seconds
EVT-00857,9N8479S2233D92CPP,GA-3,STN-02,2025-08-24 18:05:00,temperature_out_of_range,59.39,70-110 C
EVT-00858,PH9TDBDX3PCN9U95A,GA-2,STN-07,2025-02-22 14:10:37,torque_out_of_range,76.6,30-70 Nm
EVT-00859,V0A2G6AP8VBK6U3RN,GA-2,STN-03,2025-01-13 15:35:17,torque_out_of_range,21.62,30-70 Nm
EVT-00861,VDUMJ53UHTM96FF31,GA-1,STN-07,2025-02-14 16:22:43,temperature_out_of_range,126.7,70-110 C
EVT-00863,HESHPXUNWHD55H0UF,GA-2,STN-02,2025-01-05 22:25:43,pressure_out_of_range,20.2,25-60 psi
EVT-00871,J54ZYH0KJEX6PT7YN,GA-2,STN-02,2025-10-03 16:28:38,cycle_time_anomaly,1.0,5-600 seconds
EVT-00875,ZDF2KH27UBT5CKFEX,GA-2,STN-09,2025-07-10 16:18:22,cycle_time_anomaly,829.0,5-600 seconds
EVT-00884,0SX6L87PTCG8S7RSE,GA-3,STN-01,2025-11-08 14:00:00,cycle_time_anomaly,7688060.0,5-600 seconds
EVT-00888,BVY577KEPB6R4EKE5,GA-2,STN-03,2025-05-25 10:38:16,cycle_time_anomaly,4.0,5-600 seconds
EVT-00890,CE62WNX65B4EZS2U4,GA-1,STN-05,2025-01-09 08:34:00,pressure_out_of_range,65.9,25-60 psi
EVT-00899,JCEJMN9LPJSXHTS34,GA-3,STN-02,2025-08-11 10:50:52,temperature_out_of_range,50.1,70-110 C
EVT-00900,6FZX9ZKGDP3CKK4VA,GA-2,STN-03,2025-05-01 05:38:54,temperature_out_of_range,113.78,70-110 C
EVT-00909,T0VXSEER5NZ1LH8AT,GA-1,STN-05,2025-08-25 16:57:22,temperature_out_of_range,50.0,70-110 C
EVT-00909,T0VXSEER5NZ1LH8AT,GA-1,STN-05,2025-08-25 16:57:22,cycle_time_anomaly,4.0,5-600 seconds
EVT-00913,JNUHLZNF2TUFEJGPV,GA-3,STN-02,2025-12-10 19:49:53,cycle_time_anomaly,607.0,5-600 seconds
EVT-00917,DX29RHBCHVAV56J69,GA-1,STN-09,2025-10-02 14:13:49,pressure_out_of_range,22.6,25-60 psi
EVT-00920,P9RJR1YTM9GM52SD5,GA-1,STN-01,2025-05-03 16:27:00,cycle_time_anomaly,5097429.0,5-600 seconds
EVT-00921,BXZVHX0JVF0M8GDW2,GA-2,STN-02,2025-10-07 10:37:00,cycle_time_anomaly,7688686.0,5-600 seconds
EVT-00927,JN6MZ7W0V88GLNHA3,GA-3,STN-09,2025-08-23 08:34:30,temperature_out_of_range,59.4,70-110 C
EVT-00928,K8RRER707D6TCEKZ8,GA-2,STN-01,2025-12-08 07:20:10,cycle_time_anomaly,10194540.0,5-600 seconds
EVT-00929,LPSEBSX2GVKB6MY01,GA-1,STN-03,2025-06-09 15:01:40,temperature_out_of_range,53.11,70-110 C
EVT-00931,6ARZY5L4PEUTUB0B7,GA-2,STN-05,2025-11-08 05:41:38,cycle_time_anomaly,7689158.0,5-600 seconds
EVT-00934,13L4J0XZJY7BTSBAJ,GA-3,STN-07,2025-10-12 16:12:36,temperature_out_of_range,59.39,70-110 C
EVT-00934,13L4J0XZJY7BTSBAJ,GA-3,STN-07,2025-10-12 16:12:36,pressure_out_of_range,67.1,25-60 psi
EVT-00934,13L4J0XZJY7BTSBAJ,GA-3,STN-07,2025-10-12 16:12:36,cycle_time_anomaly,917.0,5-600 seconds
EVT-00945,V2PYHEDYK42XBHVFN,GA-2,STN-07,2025-07-06 19:19:55,torque_out_of_range,27.64,30-70 Nm
EVT-00955,YHSHMYFB7C10ZTRJ4,GA-1,STN-09,2025-09-14 19:32:48,torque_out_of_range,77.93,30-70 Nm
EVT-00956,9BLB8MC6NZLS9A2B1,GA-2,STN-03,2025-08-11 12:12:48,cycle_time_anomaly,648.0,5-600 seconds
EVT-00958,PY4LYTJ00A0EN5PSY,GA-1,STN-02,2025-12-08 16:54:49,cycle_time_anomaly,10193554.0,5-600 seconds
EVT-00961,B6X0LPPGWWE3V2F6T,GA-1,STN-01,2025-09-02 10:51:19,cycle_time_anomaly,17710390.0,5-600 seconds
EVT-00963,VETJWW88D1G7T7RMZ,GA-1,STN-07,2025-08-19 08:12:00,torque_out_of_range,89.15,30-70 Nm
EVT-00968,TEY9BPBCC12T89D85,GA-3,STN-05,2025-12-17 05:15:31,temperature_out_of_range,59.7,70-110 C
EVT-00974,DRWJUVX9PGVVFVS9W,GA-2,STN-02,2025-07-24 10:05:42,cycle_time_anomaly,647.0,5-600 seconds
EVT-00975,S4FHVRSKRMN8YC619,GA-3,STN-05,2025-09-24 10:31:03,pressure_out_of_range,20.4,25-60 psi
EVT-00978,000Y6B2KLWHN4P0PD,GA-3,STN-01,2025-09-11 15:47:00,torque_out_of_range,86.39,30-70 Nm
EVT-00984,5UC52UJ92HEWZS0VL,GA-3,STN-09,2025-05-02 09:58:00,torque_out_of_range,85.88,30-70 Nm
EVT-00987,ZKBB6ZEVYCYNACA2K,GA-1,STN-05,2025-08-04 17:52:24,cycle_time_anomaly,672.0,5-600 seconds
EVT-00988,JN6MZ7W0V88GLNHA3,GA-3,STN-05,2025-08-23 08:18:13,pressure_out_of_range,62.2,25-60 psi
EVT-00990,P1JPCE47TT8J9VA25,GA-1,STN-03,2025-03-01 17:19:30,cycle_time_anomaly,4924110.0,5-600 seconds
EVT-00991,WGNX7N5ZCHZWPSCTX,GA-2,STN-01,2025-02-19 12:34:21,torque_out_of_range,89.45,30-70 Nm
EVT-00993,AGN3BHBLEDJF19ND3,GA-1,STN-09,2025-06-06 14:58:39,torque_out_of_range,79.76,30-70 Nm
EVT-01000,HCDBRV4D4NHW23DK0,GA-1,STN-07,2025-03-18 17:30:00,torque_out_of_range,23.26,30-70 Nm
EVT-01002,0M4HY5ZCTHZSNTM32,GA-2,STN-07,2025-06-25 15:04:40,temperature_out_of_range,58.9,70-110 C
EVT-01004,YHSHMYFB7C10ZTRJ4,GA-1,STN-02,2025-09-14 19:18:25,torque_out_of_range,22.03,30-70 Nm
EVT-01004,YHSHMYFB7C10ZTRJ4,GA-1,STN-02,2025-09-14 19:18:25,temperature_out_of_range,63.89,70-110 C
EVT-01005,W2XBA3FHRU4KMJ1LK,GA-3,STN-05,2025-03-20 20:07:38,pressure_out_of_range,62.6,25-60 psi
EVT-01006,HLKL8WJ62VZJAWF71,GA-1,STN-02,2025-12-10 06:36:24,cycle_time_anomaly,5096048.0,5-600 seconds
EVT-01013,PYLMZSU8CG90MY7AB,GA-3,STN-03,2025-09-04 12:56:02,torque_out_of_range,26.72,30-70 Nm
EVT-01019,Z9M0E9XZ5XCA14DA0,GA-3,STN-01,2025-09-08 06:17:47,cycle_time_anomaly,2591261.0,5-600 seconds
EVT-01024,6C9145WVVRLVYV3ZE,GA-2,STN-03,2025-12-23 16:05:46,torque_out_of_range,79.56,30-70 Nm
EVT-01027,J8J7KVEKAUK11RJD8,GA-1,STN-01,2025-12-05 16:47:51,cycle_time_anomaly,17884069.0,5-600 seconds
EVT-01029,PGJV68PETR180TBAE,GA-1,STN-05,2025-11-20 20:55:51,temperature_out_of_range,50.7,70-110 C
EVT-01030,MZTW772K62FR0SX2G,GA-3,STN-09,2025-02-14 08:09:02,temperature_out_of_range,66.5,70-110 C
EVT-01035,KEL05UP0N32UC4U4Y,GA-3,STN-09,2025-11-04 11:30:19,temperature_out_of_range,115.5,70-110 C
EVT-01038,6C9145WVVRLVYV3ZE,GA-2,STN-07,2025-12-23 16:20:08,temperature_out_of_range,116.0,70-110 C
EVT-01039,ZKBB6ZEVYCYNACA2K,GA-1,STN-05,2025-04-08 18:04:16,cycle_time_anomaly,914.0,5-600 seconds
EVT-01045,3VYTUL7FFFR2GX3KV,GA-3,STN-09,2025-06-10 09:25:00,torque_out_of_range,25.6,30-70 Nm
EVT-01046,9RXS7F139FY2RAJEG,GA-3,STN-05,2025-03-16 13:26:20,torque_out_of_range,84.66,30-70 Nm
EVT-01048,YAPTRM6SFFUYX72S4,GA-1,STN-03,2025-11-05 12:58:36,pressure_out_of_range,67.5,25-60 psi
EVT-01048,YAPTRM6SFFUYX72S4,GA-1,STN-03,2025-11-05 12:58:36,cycle_time_anomaly,15378602.0,5-600 seconds
EVT-01049,A7RGZYV66XKZZK9WJ,GA-2,STN-09,2025-03-06 16:32:46,temperature_out_of_range,65.0,70-110 C
EVT-01054,CE62WNX65B4EZS2U4,GA-1,STN-01,2025-09-01 08:21:38,cycle_time_anomaly,20302718.0,5-600 seconds
EVT-01058,RSB5SBWNRZ2AJKPRK,GA-3,STN-01,2025-10-04 16:46:00,cycle_time_anomaly,15292659.0,5-600 seconds
EVT-01060,G0S3SJEP0CFZMDM3T,GA-3,STN-09,2025-01-14 18:52:00,pressure_out_of_range,23.5,25-60 psi
EVT-01064,RYL6SRHY3TBSB3UG1,GA-2,STN-01,2025-08-04 12:17:29,cycle_time_anomaly,10193968.0,5-600 seconds
EVT-01065,0ZF3EX5JH5WEANT5U,GA-2,STN-09,2025-06-10 17:01:54,pressure_out_of_range,64.8,25-60 psi
EVT-01065,0ZF3EX5JH5WEANT5U,GA-2,STN-09,2025-06-10 17:01:54,cycle_time_anomaly,1245.0,5-600 seconds
EVT-01066,BM3HYZJCKV2DLPV84,GA-2,STN-05,2025-06-11 21:24:35,cycle_time_anomaly,755.0,5-600 seconds
EVT-01069,09LFER95K4AXLAT1X,GA-2,STN-03,2025-12-10 21:02:05,pressure_out_of_range,22.0,25-60 psi
EVT-01074,EU1UA0YWMPF0BLJ3N,GA-3,STN-07,2025-08-07 12:16:48,temperature_out_of_range,52.0,70-110 C
EVT-01079,2HP3ZTFBENM0UN6AY,GA-3,STN-01,2025-12-21 20:50:15,cycle_time_anomaly,660.0,5-600 seconds
EVT-01081,E6JDW0LTG5CTPAA0D,GA-1,STN-01,2025-10-02 11:13:59,cycle_time_anomaly,20215981.0,5-600 seconds
EVT-01083,PYLMZSU8CG90MY7AB,GA-3,STN-05,2025-04-09 12:58:16,cycle_time_anomaly,742.0,5-600 seconds
EVT-01084,T2DYKNYW6Z6J0UTGY,GA-3,STN-02,2025-06-08 13:24:00,temperature_out_of_range,63.2,70-110 C
EVT-01084,T2DYKNYW6Z6J0UTGY,GA-3,STN-02,2025-06-08 13:24:00,pressure_out_of_range,19.2,25-60 psi
EVT-01085,K5E0T96KX1PN524KT,GA-3,STN-01,2025-10-04 07:39:44,cycle_time_anomaly,15290986.0,5-600 seconds
EVT-01094,BAML519CXKYCMNNWV,GA-1,STN-01,2025-06-04 08:24:18,cycle_time_anomaly,5096663.0,5-600 seconds
EVT-01097,FMD23VF30J496ETJ8,GA-3,STN-07,2025-05-17 19:34:00,pressure_out_of_range,70.5,25-60 psi
EVT-01102,6PEM9NNC8ZCH08P3L,GA-1,STN-01,2025-06-17 19:36:03,torque_out_of_range,76.6,30-70 Nm
EVT-01104,D8B2AM1HGC0TNPL8X,GA-2,STN-02,2025-11-05 12:11:10,cycle_time_anomaly,15377990.0,5-600 seconds
EVT-01105,ASRZZEGUV91JGJUH3,GA-1,STN-01,2025-09-09 06:54:01,torque_out_of_range,79.66,30-70 Nm
EVT-01105,ASRZZEGUV91JGJUH3,GA-1,STN-01,2025-09-09 06:54:01,cycle_time_anomaly,885.0,5-600 seconds
EVT-01106,HLKL8WJ62VZJAWF71,GA-1,STN-05,2025-10-12 06:53:49,cycle_time_anomaly,733.0,5-600 seconds
EVT-01109,7DHMFPLNSC3YNCHKW,GA-3,STN-03,2025-12-18 10:22:27,pressure_out_of_range,70.4,25-60 psi
EVT-01111,6BSZRPDNPCK03AF4U,GA-1,STN-07,2025-10-24 14:12:05,cycle_time_anomaly,891.0,5-600 seconds
EVT-01117,T2VS0FB8Y7JMTE3V7,GA-3,STN-01,2025-12-10 07:18:21,torque_out_of_range,24.89,30-70 Nm
EVT-01117,T2VS0FB8Y7JMTE3V7,GA-3,STN-01,2025-12-10 07:18:21,cycle_time_anomaly,5096310.0,5-600 seconds
EVT-01118,RLPPT8TZPZLXCFAXS,GA-2,STN-09,2025-01-01 20:07:30,temperature_out_of_range,66.9,70-110 C
EVT-01120,PJ93TH630WBBEUH28,GA-2,STN-05,2025-04-06 12:00:34,cycle_time_anomaly,904.0,5-600 seconds
EVT-01126,WSCGH8A7B2BB72PDB,GA-3,STN-05,2025-05-10 21:04:05,torque_out_of_range,19.58,30-70 Nm
EVT-01128,VDUMJ53UHTM96FF31,GA-1,STN-05,2025-02-14 16:16:41,torque_out_of_range,26.21,30-70 Nm
EVT-01130,TVSD86DWDWZMUGTHV,GA-3,STN-01,2025-03-20 17:27:46,pressure_out_of_range,68.4,25-60 psi
EVT-01131,J54ZYH0KJEX6PT7YN,GA-2,STN-03,2025-10-03 16:42:05,temperature_out_of_range,61.78,70-110 C
EVT-01131,J54ZYH0KJEX6PT7YN,GA-2,STN-03,2025-10-03 16:42:05,cycle_time_anomaly,807.0,5-600 seconds
EVT-01143,ZKBB6ZEVYCYNACA2K,GA-1,STN-01,2025-08-04 17:41:12,cycle_time_anomaly,10193816.0,5-600 seconds
EVT-01145,6BRXZP653DZJYM8PF,GA-2,STN-05,2025-09-07 12:36:55,cycle_time_anomaly,689.0,5-600 seconds
EVT-01153,9WHP4DF4KY1G9DSAZ,GA-1,STN-03,2025-07-02 20:39:39,cycle_time_anomaly,12527139.0,5-600 seconds
EVT-01155,AYTJEA5Y45BYK26RX,GA-3,STN-03,2025-10-15 20:54:17,pressure_out_of_range,21.9,25-60 psi
EVT-01161,RYUFW1TEDEAT0XG19,GA-2,STN-09,2025-02-12 06:23:36,cycle_time_anomaly,2034.0,5-600 seconds
EVT-01165,6TX1ZK83GUFCGZB7U,GA-3,STN-01,2025-07-07 07:16:36,temperature_out_of_range,52.8,70-110 C
EVT-01166,JNUHLZNF2TUFEJGPV,GA-3,STN-07,2025-12-10 19:39:46,cycle_time_anomaly,5097354.0,5-600 seconds
EVT-01167,YC8U28U1TAYU8KG44,GA-3,STN-02,2025-03-08 15:31:22,torque_out_of_range,25.81,30-70 Nm
EVT-01173,S0ER9TC122117NZYU,GA-1,STN-05,2025-08-03 18:37:08,pressure_out_of_range,64.4,25-60 psi
EVT-01177,RNGX23YREJP3L26ZB,GA-1,STN-05,2025-11-19 06:39:05,torque_out_of_range,85.07,30-70 Nm
EVT-01178,UXY5ZDH3X57GDHKXR,GA-1,STN-09,2025-08-25 08:37:04,cycle_time_anomaly,719.0,5-600 seconds
EVT-01180,PJ93TH630WBBEUH28,GA-2,STN-01,2025-06-04 11:39:00,cycle_time_anomaly,5096306.0,5-600 seconds
EVT-01182,U3TWZ65RJ3XJJ807C,GA-3,STN-05,2025-04-19 15:23:00,pressure_out_of_range,20.0,25-60 psi
EVT-01183,616N9TT7U30CW4VLC,GA-2,STN-01,2025-05-10 19:38:45,torque_out_of_range,25.81,30-70 Nm
EVT-01188,5HZ8Y43EWH5RT2DZ7,GA-1,STN-03,2025-12-10 08:16:00,torque_out_of_range,73.75,30-70 Nm
EVT-01189,6HB3TUW4CHFUM574H,GA-2,STN-07,2025-11-01 10:24:37,torque_out_of_range,72.32,30-70 Nm
EVT-01191,9RXS7F139FY2RAJEG,GA-3,STN-02,2025-03-16 13:17:30,torque_out_of_range,81.91,30-70 Nm
EVT-01193,CL7XYD6KKSKAB1Z2M,GA-2,STN-02,2025-10-01 18:52:23,torque_out_of_range,87.01,30-70 Nm
EVT-01193,CL7XYD6KKSKAB1Z2M,GA-2,STN-02,2025-10-01 18:52:23,pressure_out_of_range,68.6,25-60 psi
EVT-01195,4Z8M7YXZ0S4CV37TC,GA-2,STN-09,2025-10-04 18:28:42,temperature_out_of_range,57.1,70-110 C
EVT-01197,Z9M0E9XZ5XCA14DA0,GA-3,STN-03,2025-09-08 06:28:02,cycle_time_anomaly,615.0,5-600 seconds
EVT-01204,SR1WBR6772L6T5V10,GA-3,STN-07,2025-12-05 15:19:35,pressure_out_of_range,21.4,25-60 psi
EVT-01213,UM6Y4K4PXA4S0MXDD,GA-3,STN-07,2025-04-11 11:06:50,torque_out_of_range,85.68,30-70 Nm
EVT-01218,SR1WBR6772L6T5V10,GA-3,STN-01,2025-05-12 15:04:10,torque_out_of_range,26.11,30-70 Nm
EVT-01220,PJ93TH630WBBEUH28,GA-2,STN-07,2025-06-04 11:57:04,torque_out_of_range,80.48,30-70 Nm
EVT-01222,9K3GKA4MH1N6P9T7L,GA-1,STN-01,2025-07-01 16:15:00,temperature_out_of_range,115.89,70-110 C
EVT-01222,9K3GKA4MH1N6P9T7L,GA-1,STN-01,2025-07-01 16:15:00,cycle_time_anomaly,15119118.0,5-600 seconds
EVT-01224,VLP2241AFV3C40XAM,GA-1,STN-01,2025-07-03 15:23:55,cycle_time_anomaly,10194399.0,5-600 seconds
EVT-01227,9RXS7F139FY2RAJEG,GA-3,STN-09,2025-03-16 13:44:29,cycle_time_anomaly,860.0,5-600 seconds
EVT-01228,WP6E0N8Z4YBBM0J33,GA-2,STN-02,2025-02-12 18:06:28,torque_out_of_range,24.89,30-70 Nm
EVT-01231,BM3HYZJCKV2DLPV84,GA-2,STN-02,2025-06-11 21:09:15,cycle_time_anomaly,645.0,5-600 seconds
EVT-01233,5HK1B6F84YA061XZZ,GA-3,STN-07,2025-07-12 07:48:00,temperature_out_of_range,122.0,70-110 C
EVT-01233,5HK1B6F84YA061XZZ,GA-3,STN-07,2025-07-12 07:48:00,cycle_time_anomaly,661.0,5-600 seconds
EVT-01235,CD6T1R7PC1SRDYYTZ,GA-2,STN-02,2025-12-15 18:31:00,temperature_out_of_range,58.2,70-110 C
EVT-01237,C2ZHY79RBSUF7C3SS,GA-1,STN-07,2025-05-18 18:26:02,torque_out_of_range,28.15,30-70 Nm
EVT-01237,C2ZHY79RBSUF7C3SS,GA-1,STN-07,2025-05-18 18:26:02,temperature_out_of_range,63.61,70-110 C
EVT-01239,BA0TY9SSTNDZ1ETH5,GA-1,STN-07,2025-11-03 18:53:00,torque_out_of_range,84.56,30-70 Nm
EVT-01246,18VGBYR71TB1FG24V,GA-2,STN-07,2025-04-24 20:56:00,pressure_out_of_range,71.6,25-60 psi
EVT-01251,3AA2S0XZM74ZXCMHD,GA-1,STN-01,2025-03-22 16:57:00,pressure_out_of_range,23.3,25-60 psi
EVT-01252,83CZ7PMK9H8DE71R3,GA-3,STN-02,2025-05-16 12:09:42,pressure_out_of_range,68.0,25-60 psi
EVT-01257,ASRZZEGUV91JGJUH3,GA-1,STN-03,2025-09-09 07:01:11,torque_out_of_range,72.32,30-70 Nm
EVT-01268,PYLMZSU8CG90MY7AB,GA-3,STN-05,2025-09-04 13:00:49,pressure_out_of_range,63.3,25-60 psi
EVT-01269,Z0JSPVS0WHTYVJW35,GA-2,STN-05,2025-08-06 20:43:39,pressure_out_of_range,71.0,25-60 psi
EVT-01281,LPSEBSX2GVKB6MY01,GA-1,STN-01,2025-09-06 14:59:48,cycle_time_anomaly,7688812.0,5-600 seconds
EVT-01282,EU1UA0YWMPF0BLJ3N,GA-3,STN-02,2025-08-07 12:08:46,pressure_out_of_range,21.8,25-60 psi
EVT-01292,GL197F0SLFS9A0GDS,GA-2,STN-05,2025-01-20 19:52:15,torque_out_of_range,21.62,30-70 Nm
EVT-01292,GL197F0SLFS9A0GDS,GA-2,STN-05,2025-01-20 19:52:15,pressure_out_of_range,18.2,25-60 psi
EVT-01295,JTAWRY1Y1CCDED7U0,GA-2,STN-09,2025-12-17 07:51:43,torque_out_of_range,79.36,30-70 Nm
EVT-01295,JTAWRY1Y1CCDED7U0,GA-2,STN-09,2025-12-17 07:51:43,pressure_out_of_range,21.5,25-60 psi
EVT-01300,ETSA00YWKK0CPHY0B,GA-2,STN-02,2025-02-08 19:07:38,torque_out_of_range,22.44,30-70 Nm
EVT-01301,JE8JN8WG3MD7V0G45,GA-2,STN-05,2025-10-09 05:50:50,cycle_time_anomaly,701.0,5-600 seconds
EVT-01303,5PPYA8SNMBB3SNXZY,GA-3,STN-07,2025-05-16 05:53:27,torque_out_of_range,21.11,30-70 Nm
EVT-01314,5HK1B6F84YA061XZZ,GA-3,STN-03,2025-07-12 07:36:59,cycle_time_anomaly,2.0,5-600 seconds
EVT-01316,13C534E4CG52D7286,GA-1,STN-07,2025-12-03 08:08:06,cycle_time_anomaly,834.0,5-600 seconds
EVT-01319,S58LZ8511LNKKVP4K,GA-1,STN-03,2025-10-03 13:49:03,cycle_time_anomaly,17884033.0,5-600 seconds
EVT-01321,ASRZZEGUV91JGJUH3,GA-1,STN-07,2025-09-09 07:10:17,temperature_out_of_range,113.22,70-110 C
EVT-01327,LPSEBSX2GVKB6MY01,GA-1,STN-07,2025-06-09 15:12:56,pressure_out_of_range,18.2,25-60 psi
EVT-01327,LPSEBSX2GVKB6MY01,GA-1,STN-07,2025-06-09 15:12:56,cycle_time_anomaly,3.0,5-600 seconds
EVT-01332,V0A2G6AP8VBK6U3RN,GA-2,STN-05,2025-01-13 15:58:47,cycle_time_anomaly,752.0,5-600 seconds
EVT-01334,6TUNX8EY6XASRW3YN,GA-3,STN-09,2025-11-04 20:46:57,pressure_out_of_range,69.0,25-60 psi
EVT-01342,UYSTAAZE8T3XCZ6G2,GA-2,STN-02,2025-08-19 10:06:00,temperature_out_of_range,126.6,70-110 C
EVT-01344,FD3WEY2ETGXV283A6,GA-3,STN-07,2025-04-04 13:42:49,temperature_out_of_range,54.61,70-110 C
EVT-01344,FD3WEY2ETGXV283A6,GA-3,STN-07,2025-04-04 13:42:49,pressure_out_of_range,23.8,25-60 psi
EVT-01345,B6VAXZ0X7X34446PP,GA-2,STN-07,2025-01-20 16:35:00,torque_out_of_range,77.72,30-70 Nm
EVT-01346,RYUFW1TEDEAT0XG19,GA-2,STN-05,2025-12-02 06:15:07,temperature_out_of_range,134.9,70-110 C
EVT-01355,6PEM9NNC8ZCH08P3L,GA-1,STN-02,2025-06-17 19:37:51,torque_out_of_range,76.3,30-70 Nm
EVT-01358,F8K5GBABPJ1TE8X9V,GA-1,STN-05,2025-08-08 11:17:59,pressure_out_of_range,66.5,25-60 psi
EVT-01361,TVSD86DWDWZMUGTHV,GA-3,STN-09,2025-03-20 17:47:16,torque_out_of_range,89.45,30-70 Nm
EVT-01361,TVSD86DWDWZMUGTHV,GA-3,STN-09,2025-03-20 17:47:16,cycle_time_anomaly,2.0,5-600 seconds
EVT-01364,BAML519CXKYCMNNWV,GA-1,STN-07,2025-04-06 08:39:55,pressure_out_of_range,63.7,25-60 psi
EVT-01367,RNW63HX5LW1KTWC94,GA-3,STN-01,2025-12-20 11:47:52,temperature_out_of_range,116.1,70-110 C
EVT-01367,RNW63HX5LW1KTWC94,GA-3,STN-01,2025-12-20 11:47:52,pressure_out_of_range,71.5,25-60 psi
EVT-01373,WSCGH8A7B2BB72PDB,GA-3,STN-01,2025-10-05 20:53:32,cycle_time_anomaly,12785779.0,5-600 seconds
EVT-01377,HSU67F2GERZ8LBKZZ,GA-1,STN-01,2025-11-10 20:49:56,torque_out_of_range,27.95,30-70 Nm
EVT-01377,HSU67F2GERZ8LBKZZ,GA-1,STN-01,2025-11-10 20:49:56,pressure_out_of_range,22.5,25-60 psi
EVT-01392,NE7TSCHV5YPA9CAYJ,GA-1,STN-03,2025-05-04 20:54:00,temperature_out_of_range,63.0,70-110 C
EVT-01394,56DESG881UB9FZZ9X,GA-2,STN-09,2025-01-17 09:49:28,temperature_out_of_range,111.7,70-110 C
EVT-01396,P1JPCE47TT8J9VA25,GA-1,STN-02,2025-01-03 17:18:22,pressure_out_of_range,20.9,25-60 psi
EVT-01402,DS5YZFC4KL8CFN1V6,GA-3,STN-02,2025-06-20 20:48:23,torque_out_of_range,76.6,30-70 Nm
EVT-01408,7LNX4WTTTVSALDPL6,GA-1,STN-07,2025-11-01 20:32:04,cycle_time_anomaly,633.0,5-600 seconds
EVT-01414,3VYTUL7FFFR2GX3KV,GA-3,STN-01,2025-10-06 09:10:53,cycle_time_anomaly,10194353.0,5-600 seconds
EVT-01415,09LFER95K4AXLAT1X,GA-2,STN-05,2025-12-10 21:07:06,temperature_out_of_range,130.6,70-110 C
EVT-01416,BPBY3Y13BN1J97DTS,GA-1,STN-07,2025-04-07 15:03:00,torque_out_of_range,78.13,30-70 Nm
EVT-01421,SPPDFE1GUDZ2SZDS7,GA-1,STN-03,2025-05-13 05:38:24,torque_out_of_range,81.6,30-70 Nm
EVT-01426,F5EBC94D6NKAT1H21,GA-3,STN-09,2025-10-25 09:39:01,temperature_out_of_range,127.0,70-110 C
EVT-01429,L53M30KN3RDN68BNH,GA-3,STN-03,2025-05-06 11:38:32,cycle_time_anomaly,622.0,5-600 seconds
EVT-01431,T2DYKNYW6Z6J0UTGY,GA-3,STN-01,2025-08-06 13:21:46,cycle_time_anomaly,5096207.0,5-600 seconds
EVT-01432,CD6T1R7PC1SRDYYTZ,GA-2,STN-05,2025-12-15 18:39:35,pressure_out_of_range,71.1,25-60 psi
EVT-01432,CD6T1R7PC1SRDYYTZ,GA-2,STN-05,2025-12-15 18:39:35,cycle_time_anomaly,4.0,5-600 seconds
EVT-01437,99E77LV8DL6026PPR,GA-1,STN-05,2025-12-09 09:59:55,pressure_out_of_range,18.9,25-60 psi
EVT-01438,B28B9SCL4N5V8HN2B,GA-2,STN-03,2025-11-09 05:29:43,pressure_out_of_range,64.0,25-60 psi
EVT-01440,6BRXZP653DZJYM8PF,GA-2,STN-03,2025-07-09 12:31:14,cycle_time_anomaly,734.0,5-600 seconds
EVT-01443,C588J4TBBMPM34TGW,GA-2,STN-05,2025-11-02 10:11:04,torque_out_of_range,18.56,30-70 Nm
EVT-01443,C588J4TBBMPM34TGW,GA-2,STN-05,2025-11-02 10:11:04,cycle_time_anomaly,880.0,5-600 seconds
EVT-01446,RPLNDA0C1B4MTKZXK,GA-2,STN-05,2025-07-13 05:43:37,cycle_time_anomaly,1.0,5-600 seconds
EVT-01452,YYC9XJFNTFDUN93FU,GA-1,STN-03,2025-12-06 07:18:37,cycle_time_anomaly,1.0,5-600 seconds
EVT-01454,6X62JY3L1BN00JWUH,GA-2,STN-03,2025-11-02 10:13:45,cycle_time_anomaly,650.0,5-600 seconds
EVT-01457,5BLX4N9HAYGE73BZN,GA-1,STN-07,2025-08-17 20:06:33,pressure_out_of_range,64.2,25-60 psi
EVT-01464,PUVY6J2ZFTLSZP891,GA-1,STN-03,2025-11-17 07:39:00,temperature_out_of_range,64.39,70-110 C
EVT-01464,PUVY6J2ZFTLSZP891,GA-1,STN-03,2025-11-17 07:39:00,pressure_out_of_range,66.1,25-60 psi
EVT-01468,VFXHR7TTK58GDFHWJ,GA-1,STN-01,2025-08-01 14:28:13,cycle_time_anomaly,17710363.0,5-600 seconds
EVT-01474,CJE8T3BB9S4Y1W4DY,GA-3,STN-01,2025-10-19 17:48:34,pressure_out_of_range,19.8,25-60 psi
EVT-01476,13C534E4CG52D7286,GA-1,STN-05,2025-03-12 08:10:43,pressure_out_of_range,21.6,25-60 psi
EVT-01478,GVG81JX0GPWS2WNR6,GA-3,STN-05,2025-08-07 15:56:42,temperature_out_of_range,131.9,70-110 C
EVT-01478,GVG81JX0GPWS2WNR6,GA-3,STN-05,2025-08-07 15:56:42,cycle_time_anomaly,762.0,5-600 seconds
EVT-01479,6FZX9ZKGDP3CKK4VA,GA-2,STN-05,2025-05-01 05:41:13,temperature_out_of_range,124.1,70-110 C
EVT-01485,NNMRFG1R25FY580NU,GA-1,STN-07,2025-06-18 10:21:36,pressure_out_of_range,66.2,25-60 psi
EVT-01485,NNMRFG1R25FY580NU,GA-1,STN-07,2025-06-18 10:21:36,cycle_time_anomaly,886.0,5-600 seconds
EVT-01487,ASRZZEGUV91JGJUH3,GA-1,STN-02,2025-09-09 06:39:16,pressure_out_of_range,70.7,25-60 psi
EVT-01489,BA0TY9SSTNDZ1ETH5,GA-1,STN-03,2025-11-03 18:49:05,cycle_time_anomaly,20476700.0,5-600 seconds
EVT-01491,JNUHLZNF2TUFEJGPV,GA-3,STN-09,2025-12-10 20:00:06,pressure_out_of_range,61.5,25-60 psi
EVT-01493,1VKBG4FK229FRJ0H9,GA-2,STN-05,2025-02-10 12:31:37,torque_out_of_range,84.35,30-70 Nm
EVT-01497,99E77LV8DL6026PPR,GA-1,STN-01,2025-12-09 09:49:12,cycle_time_anomaly,7601816.0,5-600 seconds
EVT-01500,8L5KBUT6GTC3GLD3U,GA-2,STN-09,2025-05-09 18:29:01,cycle_time_anomaly,1261.0,5-600 seconds
EVT-01501,6PSNFC4Z0TPXRHFBV,GA-2,STN-01,2025-02-24 15:24:46,temperature_out_of_range,66.78,70-110 C
EVT-01502,T0PSK64MFJ78JR4GU,GA-3,STN-02,2025-12-03 20:39:49,torque_out_of_range,78.85,30-70 Nm
EVT-01502,T0PSK64MFJ78JR4GU,GA-3,STN-02,2025-12-03 20:39:49,temperature_out_of_range,131.22,70-110 C
EVT-01503,T0PSK64MFJ78JR4GU,GA-3,STN-01,2025-03-12 20:38:39,pressure_out_of_range,23.5,25-60 psi
EVT-01508,D8B2AM1HGC0TNPL8X,GA-2,STN-07,2025-11-05 12:24:00,temperature_out_of_range,111.4,70-110 C
EVT-01517,1AJ32S464V4LEHF15,GA-1,STN-02,2025-08-02 12:50:02,pressure_out_of_range,22.9,25-60 psi
EVT-01517,1AJ32S464V4LEHF15,GA-1,STN-02,2025-08-02 12:50:02,cycle_time_anomaly,15119095.0,5-600 seconds
EVT-01519,1LFSP0TYDR46AFZGG,GA-2,STN-01,2025-06-12 15:24:05,temperature_out_of_range,62.0,70-110 C
EVT-01521,91994W5RENGTXCE5A,GA-3,STN-07,2025-04-21 20:34:09,cycle_time_anomaly,738.0,5-600 seconds
EVT-01535,YHSHMYFB7C10ZTRJ4,GA-1,STN-05,2025-09-14 19:25:00,cycle_time_anomaly,0.0,5-600 seconds
EVT-01537,K8RRER707D6TCEKZ8,GA-2,STN-05,2025-12-08 07:33:07,torque_out_of_range,79.25,30-70 Nm
EVT-01537,K8RRER707D6TCEKZ8,GA-2,STN-05,2025-12-08 07:33:07,temperature_out_of_range,62.5,70-110 C
EVT-01544,L53M30KN3RDN68BNH,GA-3,STN-02,2025-06-05 11:35:05,cycle_time_anomaly,2591140.0,5-600 seconds
EVT-01546,8CHD3ZPUTDBKNKW36,GA-2,STN-09,2025-05-14 14:51:15,cycle_time_anomaly,615.0,5-600 seconds
EVT-01547,718VLZDTT6B18WZDX,GA-3,STN-03,2025-03-21 12:54:22,pressure_out_of_range,23.2,25-60 psi
EVT-01548,Y8S4MV61CU9SB63K7,GA-2,STN-09,2025-08-24 08:26:00,torque_out_of_range,27.74,30-70 Nm
EVT-01549,MZ46LEFTAWEM04LK5,GA-2,STN-09,2025-02-14 17:24:21,torque_out_of_range,27.95,30-70 Nm
EVT-01551,HLKL8WJ62VZJAWF71,GA-1,STN-03,2025-10-12 06:41:36,pressure_out_of_range,20.4,25-60 psi
EVT-01551,HLKL8WJ62VZJAWF71,GA-1,STN-03,2025-10-12 06:41:36,cycle_time_anomaly,661.0,5-600 seconds
EVT-01562,L53M30KN3RDN68BNH,GA-3,STN-07,2025-05-06 11:46:20,torque_out_of_range,74.56,30-70 Nm
EVT-01569,7NAT8NNWN5S6LE8GD,GA-3,STN-07,2025-03-14 06:10:32,cycle_time_anomaly,764.0,5-600 seconds
EVT-01573,JN6MZ7W0V88GLNHA3,GA-3,STN-07,2025-08-23 08:32:00,cycle_time_anomaly,827.0,5-600 seconds
EVT-01574,CL7XYD6KKSKAB1Z2M,GA-2,STN-01,2025-10-01 18:48:03,torque_out_of_range,82.62,30-70 Nm
EVT-01578,A1RY99DBK4ERBP127,GA-2,STN-01,2025-07-20 09:53:12,pressure_out_of_range,19.2,25-60 psi
EVT-01588,J8J7KVEKAUK11RJD8,GA-1,STN-09,2025-12-05 17:06:28,cycle_time_anomaly,672.0,5-600 seconds
EVT-01589,A7RGZYV66XKZZK9WJ,GA-2,STN-02,2025-06-03 16:18:11,pressure_out_of_range,63.9,25-60 psi
EVT-01589,A7RGZYV66XKZZK9WJ,GA-2,STN-02,2025-06-03 16:18:11,cycle_time_anomaly,7688725.0,5-600 seconds
EVT-01592,5HZ8Y43EWH5RT2DZ7,GA-1,STN-09,2025-10-12 08:27:33,torque_out_of_range,22.03,30-70 Nm
EVT-01594,YRKXRG5K3Z77079WX,GA-1,STN-02,2025-07-05 14:07:41,cycle_time_anomaly,5097359.0,5-600 seconds
EVT-01598,C588J4TBBMPM34TGW,GA-2,STN-03,2025-02-11 10:12:40,pressure_out_of_range,62.9,25-60 psi
EVT-01598,C588J4TBBMPM34TGW,GA-2,STN-03,2025-02-11 10:12:40,cycle_time_anomaly,635.0,5-600 seconds
EVT-01601,9E0KLLHSP7ZZ1K06Y,GA-1,STN-02,2025-03-13 11:35:09,cycle_time_anomaly,785.0,5-600 seconds
EVT-01615,5Z99BA26REY4ZL4FV,GA-1,STN-05,2025-06-18 12:45:22,temperature_out_of_range,117.3,70-110 C
EVT-01618,GPR1E62N3RR2XM3J1,GA-1,STN-07,2025-05-21 16:25:55,cycle_time_anomaly,4.0,5-600 seconds
EVT-01625,T0VXSEER5NZ1LH8AT,GA-1,STN-02,2025-08-25 16:48:24,torque_out_of_range,23.05,30-70 Nm
EVT-01626,000Y6B2KLWHN4P0PD,GA-3,STN-09,2025-09-11 16:04:26,pressure_out_of_range,70.2,25-60 psi
EVT-01628,FCW32NDCU2VZU0DED,GA-2,STN-09,2025-10-09 10:53:53,temperature_out_of_range,66.3,70-110 C
EVT-01628,FCW32NDCU2VZU0DED,GA-2,STN-09,2025-10-09 10:53:53,pressure_out_of_range,22.7,25-60 psi
EVT-01629,LYXUT2VDHAS3J9Y3H,GA-3,STN-09,2025-08-19 11:18:17,temperature_out_of_range,58.5,70-110 C
EVT-01630,BLPG0NR4H6S8TP5XH,GA-1,STN-05,2025-05-16 07:52:00,cycle_time_anomaly,802.0,5-600 seconds
EVT-01631,XKB08A16Z6MHGA80P,GA-1,STN-02,2025-02-02 15:00:16,temperature_out_of_range,130.1,70-110 C
EVT-01641,T2VS0FB8Y7JMTE3V7,GA-3,STN-05,2025-12-10 07:30:04,cycle_time_anomaly,703.0,5-600 seconds
EVT-01644,SD4T0TK49JVN7T65K,GA-1,STN-02,2025-06-17 13:58:00,temperature_out_of_range,112.3,70-110 C
EVT-01645,NE7TSCHV5YPA9CAYJ,GA-1,STN-01,2025-05-04 20:47:00,pressure_out_of_range,65.0,25-60 psi
EVT-01652,D76U0N9CDE4CVR8HJ,GA-1,STN-01,2025-07-23 15:20:28,pressure_out_of_range,20.4,25-60 psi
EVT-01653,S9DPVEMFL7CAPXYRK,GA-3,STN-03,2025-10-23 19:05:48,torque_out_of_range,88.84,30-70 Nm
EVT-01654,6FZX9ZKGDP3CKK4VA,GA-2,STN-07,2025-05-01 05:52:48,cycle_time_anomaly,695.0,5-600 seconds
EVT-01657,0SRP4YT2MTKFMYU68,GA-2,STN-07,2025-11-07 01:48:52,temperature_out_of_range,62.61,70-110 C
EVT-01661,DRWJUVX9PGVVFVS9W,GA-2,STN-01,2025-07-24 09:54:55,temperature_out_of_range,56.2,70-110 C
EVT-01663,AD1CGA65UCXBAKPCZ,GA-1,STN-01,2025-12-09 20:51:04,cycle_time_anomaly,7602510.0,5-600 seconds
EVT-01665,ZDF2KH27UBT5CKFEX,GA-2,STN-03,2025-10-07 16:05:35,torque_out_of_range,26.01,30-70 Nm
EVT-01665,ZDF2KH27UBT5CKFEX,GA-2,STN-03,2025-10-07 16:05:35,cycle_time_anomaly,7688833.0,5-600 seconds
EVT-01666,L142W1WR5XU5EYK2J,GA-2,STN-07,2025-10-09 13:38:15,temperature_out_of_range,68.9,70-110 C
EVT-01666,L142W1WR5XU5EYK2J,GA-2,STN-07,2025-10-09 13:38:15,cycle_time_anomaly,2505507.0,5-600 seconds
EVT-01667,1LFSP0TYDR46AFZGG,GA-2,STN-03,2025-12-06 15:30:39,temperature_out_of_range,116.5,70-110 C
EVT-01668,SPPDFE1GUDZ2SZDS7,GA-1,STN-07,2025-05-13 05:45:10,torque_out_of_range,79.25,30-70 Nm
EVT-01676,1LFSP0TYDR46AFZGG,GA-2,STN-07,2025-06-12 15:39:18,pressure_out_of_range,21.2,25-60 psi
EVT-01686,5NUH8FHG8YX2VP0P6,GA-3,STN-02,2025-05-11 17:33:00,pressure_out_of_range,18.4,25-60 psi
EVT-01693,BRBDXNA3LF4UL0KJZ,GA-3,STN-01,2025-09-07 11:05:33,cycle_time_anomaly,5183704.0,5-600 seconds
EVT-01696,5NHU7AVHFJC4Y5ZG5,GA-2,STN-05,2025-07-04 05:54:00,cycle_time_anomaly,721.0,5-600 seconds
EVT-01700,P8CTJAUKSLE03E8SK,GA-2,STN-07,2025-04-20 09:07:21,temperature_out_of_range,118.78,70-110 C
EVT-01706,3F08C3870E1A79NMZ,GA-1,STN-05,2025-12-04 16:32:28,cycle_time_anomaly,688.0,5-600 seconds
EVT-01710,88J6DY5TGPB0XTM1R,GA-2,STN-02,2025-04-21 17:05:52,torque_out_of_range,29.78,30-70 Nm
EVT-01712,FD3WEY2ETGXV283A6,GA-3,STN-09,2025-04-04 13:49:15,torque_out_of_range,27.95,30-70 Nm
EVT-01718,BAML519CXKYCMNNWV,GA-1,STN-05,2025-06-04 08:44:36,cycle_time_anomaly,604.0,5-600 seconds
EVT-01724,5PPYA8SNMBB3SNXZY,GA-3,STN-05,2025-05-16 05:51:27,torque_out_of_range,75.48,30-70 Nm
EVT-01725,CL7XYD6KKSKAB1Z2M,GA-2,STN-03,2025-10-01 18:39:40,temperature_out_of_range,61.7,70-110 C
EVT-01725,CL7XYD6KKSKAB1Z2M,GA-2,STN-03,2025-10-01 18:39:40,cycle_time_anomaly,22808102.0,5-600 seconds
EVT-01727,VETJWW88D1G7T7RMZ,GA-1,STN-05,2025-08-19 08:06:00,pressure_out_of_range,19.8,25-60 psi
EVT-01727,VETJWW88D1G7T7RMZ,GA-1,STN-05,2025-08-19 08:06:00,cycle_time_anomaly,723.0,5-600 seconds
EVT-01730,JTNZM42TK1641TEJP,GA-2,STN-09,2025-08-01 15:15:42,temperature_out_of_range,134.11,70-110 C
EVT-01730,JTNZM42TK1641TEJP,GA-2,STN-09,2025-08-01 15:15:42,pressure_out_of_range,21.7,25-60 psi
EVT-01730,JTNZM42TK1641TEJP,GA-2,STN-09,2025-08-01 15:15:42,cycle_time_anomaly,17712102.0,5-600 seconds
EVT-01732,6HB3TUW4CHFUM574H,GA-2,STN-01,2025-11-01 10:14:21,temperature_out_of_range,62.7,70-110 C
EVT-01732,6HB3TUW4CHFUM574H,GA-2,STN-01,2025-11-01 10:14:21,pressure_out_of_range,67.3,25-60 psi
EVT-01732,6HB3TUW4CHFUM574H,GA-2,STN-01,2025-11-01 10:14:21,cycle_time_anomaly,25401383.0,5-600 seconds
EVT-01737,8CV57TPB0DS7JAMJM,GA-1,STN-05,2025-07-03 16:18:10,pressure_out_of_range,20.3,25-60 psi
EVT-01737,8CV57TPB0DS7JAMJM,GA-1,STN-05,2025-07-03 16:18:10,cycle_time_anomaly,10194790.0,5-600 seconds
EVT-01740,000Y6B2KLWHN4P0PD,GA-3,STN-07,2025-09-11 15:59:00,torque_out_of_range,84.25,30-70 Nm
EVT-01744,S58LZ8511LNKKVP4K,GA-1,STN-01,2025-03-10 13:44:00,torque_out_of_range,28.15,30-70 Nm
EVT-01745,TXGP6XRFK6YX5DMM9,GA-2,STN-01,2025-09-01 10:33:47,torque_out_of_range,19.99,30-70 Nm
EVT-01746,CJE8T3BB9S4Y1W4DY,GA-3,STN-05,2025-10-19 18:15:48,cycle_time_anomaly,648.0,5-600 seconds
EVT-01748,ZDNGRP56BZJP7C6RW,GA-1,STN-07,2025-02-25 10:40:49,torque_out_of_range,28.25,30-70 Nm
EVT-01772,K94THXG1YFJM4RZP4,GA-3,STN-09,2025-11-11 07:14:00,torque_out_of_range,18.67,30-70 Nm
EVT-01775,XZDVKRVXZVJPCEW7H,GA-2,STN-09,2025-11-25 21:04:28,cycle_time_anomaly,808.0,5-600 seconds
EVT-01780,31WBMC97C7BP229YP,GA-2,STN-02,2025-08-13 17:08:00,temperature_out_of_range,52.3,70-110 C
EVT-01784,HCDBRV4D4NHW23DK0,GA-1,STN-02,2025-03-18 17:17:15,cycle_time_anomaly,675.0,5-600 seconds
EVT-01786,FBNGZ6XMCX1EG0WTC,GA-2,STN-09,2025-10-11 20:55:58,torque_out_of_range,85.68,30-70 Nm
EVT-01790,PH9TDBDX3PCN9U95A,GA-2,STN-03,2025-02-22 14:00:46,cycle_time_anomaly,665.0,5-600 seconds
EVT-01792,LL0CCYXH3VGBN3Y33,GA-1,STN-03,2025-08-20 16:40:46,torque_out_of_range,24.38,30-70 Nm
EVT-01802,A1CW7MZZCJ4R1ST2L,GA-3,STN-02,2025-04-08 10:14:06,cycle_time_anomaly,682.0,5-600 seconds
EVT-01803,A984VWKZSMKLKY8YG,GA-3,STN-09,2025-04-02 17:50:00,pressure_out_of_range,68.1,25-60 psi
EVT-01806,FMRM5GGBP16FGSYJP,GA-3,STN-02,2025-08-22 09:25:11,temperature_out_of_range,118.7,70-110 C
EVT-01809,5Z99BA26REY4ZL4FV,GA-1,STN-01,2025-06-18 12:19:37,torque_out_of_range,19.99,30-70 Nm
EVT-01810,NNMRFG1R25FY580NU,GA-1,STN-01,2025-06-18 09:52:43,torque_out_of_range,87.11,30-70 Nm
EVT-01811,KEL05UP0N32UC4U4Y,GA-3,STN-02,2025-11-04 11:00:00,cycle_time_anomaly,1222.0,5-600 seconds
EVT-01823,SD4T0TK49JVN7T65K,GA-1,STN-07,2025-06-17 14:09:51,cycle_time_anomaly,3.0,5-600 seconds
EVT-01825,T2DYKNYW6Z6J0UTGY,GA-3,STN-09,2025-06-08 13:44:59,cycle_time_anomaly,650.0,5-600 seconds
EVT-01826,4XBWDDU8NCHD8MEYY,GA-3,STN-07,2025-06-12 16:56:41,cycle_time_anomaly,997.0,5-600 seconds
EVT-01827,7LP7DFJCP1VLZ2YGR,GA-2,STN-02,2025-03-01 17:13:50,pressure_out_of_range,63.6,25-60 psi
EVT-01831,EZP4GZB2GVWJ3ZAXH,GA-3,STN-03,2025-06-24 07:58:49,cycle_time_anomaly,782.0,5-600 seconds
EVT-01834,13L4J0XZJY7BTSBAJ,GA-3,STN-02,2025-12-10 15:59:46,cycle_time_anomaly,5096670.0,5-600 seconds
EVT-01836,LR1BM85R4EBS3WZAS,GA-3,STN-02,2025-11-03 14:42:42,cycle_time_anomaly,20477217.0,5-600 seconds
EVT-01844,Y9X2SYUS97KYH6SYC,GA-1,STN-02,2025-10-12 12:08:40,pressure_out_of_range,20.5,25-60 psi
EVT-01845,5Z99BA26REY4ZL4FV,GA-1,STN-03,2025-06-18 12:28:57,temperature_out_of_range,55.1,70-110 C
EVT-01848,VETJWW88D1G7T7RMZ,GA-1,STN-01,2025-08-19 07:48:02,torque_out_of_range,75.58,30-70 Nm
EVT-01855,V5SYASUT2BNLKAT93,GA-2,STN-01,2025-10-06 06:34:20,cycle_time_anomaly,10194508.0,5-600 seconds
EVT-01856,K94THXG1YFJM4RZP4,GA-3,STN-05,2025-11-11 07:11:09,temperature_out_of_range,51.4,70-110 C
EVT-01858,H6GB6R8KG8SU28R7V,GA-2,STN-05,2025-09-20 11:25:22,cycle_time_anomaly,679.0,5-600 seconds
EVT-01859,3F08C3870E1A79NMZ,GA-1,STN-01,2025-04-12 16:17:21,temperature_out_of_range,52.9,70-110 C
EVT-01867,JNML4XGS98CGDS9SD,GA-3,STN-09,2025-01-17 08:48:15,torque_out_of_range,25.81,30-70 Nm
EVT-01870,34F60GMMF5PTEFMJJ,GA-1,STN-02,2025-03-14 12:39:41,pressure_out_of_range,67.8,25-60 psi
EVT-01873,E2ZBM0RTCURN8Z954,GA-2,STN-02,2025-09-18 09:08:44,pressure_out_of_range,23.7,25-60 psi
EVT-01875,SR1WBR6772L6T5V10,GA-3,STN-02,2025-12-05 15:10:10,cycle_time_anomaly,17885160.0,5-600 seconds
EVT-01879,U20NH2MKTLP87VSGD,GA-2,STN-05,2025-05-18 12:30:14,temperature_out_of_range,59.5,70-110 C
EVT-01883,AMH35SMJV20E51L62,GA-3,STN-02,2025-09-08 11:09:00,torque_out_of_range,77.42,30-70 Nm
EVT-01886,CD6T1R7PC1SRDYYTZ,GA-2,STN-09,2025-12-15 18:50:57,cycle_time_anomaly,682.0,5-600 seconds
EVT-01888,E53K31VWDJH2PAGNP,GA-2,STN-07,2025-11-05 08:36:17,torque_out_of_range,74.66,30-70 Nm
EVT-01889,NE7TSCHV5YPA9CAYJ,GA-1,STN-05,2025-05-04 20:59:23,temperature_out_of_range,116.9,70-110 C
EVT-01890,5NHU7AVHFJC4Y5ZG5,GA-2,STN-01,2025-07-04 05:41:59,cycle_time_anomaly,7602784.0,5-600 seconds
EVT-01892,UYSTAAZE8T3XCZ6G2,GA-2,STN-05,2025-08-19 10:16:06,torque_out_of_range,72.42,30-70 Nm
EVT-01896,M2THBCC2ZG1PCNS9A,GA-1,STN-05,2025-02-06 12:39:11,temperature_out_of_range,126.4,70-110 C
EVT-01899,BRBDXNA3LF4UL0KJZ,GA-3,STN-09,2025-09-07 11:28:48,pressure_out_of_range,70.6,25-60 psi
EVT-01905,5RDTYDPVACWXLTGZ8,GA-2,STN-07,2025-01-08 19:42:00,torque_out_of_range,82.52,30-70 Nm
EVT-01908,74PE1PV6N9BT1U5U1,GA-3,STN-03,2025-07-17 10:06:24,temperature_out_of_range,59.4,70-110 C
EVT-01913,H6GB6R8KG8SU28R7V,GA-2,STN-09,2025-09-20 11:32:42,temperature_out_of_range,49.72,70-110 C
EVT-01919,5HZ8Y43EWH5RT2DZ7,GA-1,STN-01,2025-12-10 08:08:32,cycle_time_anomaly,5096459.0,5-600 seconds
EVT-01920,JCEJMN9LPJSXHTS34,GA-3,STN-01,2025-11-08 10:48:47,cycle_time_anomaly,7689475.0,5-600 seconds
EVT-01921,SWGYP235X5EM4431S,GA-2,STN-02,2025-06-23 11:52:43,torque_out_of_range,75.79,30-70 Nm
EVT-01925,LR1BM85R4EBS3WZAS,GA-3,STN-09,2025-11-03 14:59:00,torque_out_of_range,18.46,30-70 Nm
EVT-01932,XW6FLWZXARKE5AJS2,GA-1,STN-09,2025-07-19 14:26:21,pressure_out_of_range,19.4,25-60 psi
EVT-01935,BVY577KEPB6R4EKE5,GA-2,STN-09,2025-05-25 10:43:37,pressure_out_of_range,64.6,25-60 psi
EVT-01937,PYLMZSU8CG90MY7AB,GA-3,STN-02,2025-09-04 12:52:45,cycle_time_anomaly,12786577.0,5-600 seconds
EVT-01941,T0PSK64MFJ78JR4GU,GA-3,STN-03,2025-12-03 20:39:00,torque_out_of_range,28.15,30-70 Nm
EVT-01941,T0PSK64MFJ78JR4GU,GA-3,STN-03,2025-12-03 20:39:00,cycle_time_anomaly,22981350.0,5-600 seconds
EVT-01942,09LFER95K4AXLAT1X,GA-2,STN-02,2025-12-10 20:59:33,cycle_time_anomaly,5097924.0,5-600 seconds
EVT-01943,NE7TSCHV5YPA9CAYJ,GA-1,STN-02,2025-05-04 20:52:02,pressure_out_of_range,68.2,25-60 psi
EVT-01952,CXDW97088CBDPKECS,GA-3,STN-05,2025-04-07 16:18:44,pressure_out_of_range,20.0,25-60 psi
EVT-01955,AGN3BHBLEDJF19ND3,GA-1,STN-02,2025-06-06 14:41:00,pressure_out_of_range,70.5,25-60 psi
EVT-01957,5FBT5XWU4F3E3GZCP,GA-2,STN-02,2025-09-18 06:36:46,torque_out_of_range,87.31,30-70 Nm
EVT-01962,VW76C3NMZB5BPM0SB,GA-2,STN-01,2025-07-09 18:39:00,cycle_time_anomaly,0.0,5-600 seconds
EVT-01967,SPPDFE1GUDZ2SZDS7,GA-1,STN-02,2025-05-13 05:35:33,pressure_out_of_range,69.4,25-60 psi
EVT-01968,6FZX9ZKGDP3CKK4VA,GA-2,STN-01,2025-05-01 05:33:20,cycle_time_anomaly,10022026.0,5-600 seconds
EVT-01969,9LXEYVFMTJBX9ZWMY,GA-2,STN-07,2025-05-24 11:02:09,pressure_out_of_range,20.5,25-60 psi
EVT-01969,9LXEYVFMTJBX9ZWMY,GA-2,STN-07,2025-05-24 11:02:09,cycle_time_anomaly,669.0,5-600 seconds
EVT-01971,2NEYFHMZCN5N2URDJ,GA-1,STN-07,2025-03-24 07:49:44,pressure_out_of_range,23.8,25-60 psi
EVT-01975,UM6Y4K4PXA4S0MXDD,GA-3,STN-01,2025-04-11 11:02:00,temperature_out_of_range,49.6,70-110 C
EVT-01977,9BLB8MC6NZLS9A2B1,GA-2,STN-01,2025-08-11 12:02:00,torque_out_of_range,28.56,30-70 Nm
EVT-01978,ZDNGRP56BZJP7C6RW,GA-1,STN-03,2025-02-25 10:28:59,pressure_out_of_range,20.0,25-60 psi
EVT-01979,JNML4XGS98CGDS9SD,GA-3,STN-05,2025-01-17 08:42:39,torque_out_of_range,78.13,30-70 Nm
EVT-01980,F8K5GBABPJ1TE8X9V,GA-1,STN-07,2025-08-08 11:12:26,temperature_out_of_range,122.3,70-110 C
EVT-01982,FTJNRNZN5SDCHKXLN,GA-2,STN-01,2025-06-14 14:25:14,temperature_out_of_range,121.3,70-110 C
EVT-01986,TWJPRX6DUK7N8LA21,GA-3,STN-02,2025-08-21 16:56:13,temperature_out_of_range,130.61,70-110 C
EVT-01988,CL7XYD6KKSKAB1Z2M,GA-2,STN-05,2025-10-01 19:04:00,cycle_time_anomaly,697.0,5-600 seconds
EVT-01990,D76U0N9CDE4CVR8HJ,GA-1,STN-07,2025-07-23 15:36:31,pressure_out_of_range,23.5,25-60 psi
EVT-01994,8374WBEHDNP9GZTK0,GA-3,STN-07,2025-03-16 10:25:56,temperature_out_of_range,50.5,70-110 C
EVT-01996,44RAABMYVPWC6V8RJ,GA-3,STN-09,2025-05-16 09:36:54,pressure_out_of_range,23.4,25-60 psi
