Event_ID,Line,Station,TS,Part_No,Torque,Temp,Defect,VIN,Supplier
EVT-0001,Line-B,Assembly,2024/07/02 09:49,PT-2001,42.4,43.8C,,RWD05Y20HRHMRPDRY,SUP-ALPHA
EVT-0002,Line-B,Assembly,02-01-2025 21:08,PT-3001,32.7,23.7C,Reject,Z0Y4X6YLRW1CK1FEU,SUP-GAMMA
EVT-0003,Line-C,Painting,2025-10-02 10:48,PT-1001,42.7,39.8C,Reject,PMW3YCDZK0Y65MWEM,SUP-BETA
EVT-0004,Line-B,Welding,14/11/2024 16:00,PT-1003,39.6,28.7C,,W3A30MF8MDD4W31U9,SUP-ALPHA
EVT-0005,Line-D,Packaging,10-19-2025 16:39,PT-2001,30.2,20.8C,,RWD05Y20HRHMRPDRY,SUP-BETA
EVT-0006,Line-B,Assembly,2025-10-19 10:32,PT-2001,48.2,39.5C,Reject,LFTDT6M143HEGW2YF,SUP-ALPHA
EVT-0007,Line-A,Inspection,10-24-2025 06:29,PT-1002,47.8,44.7C,Repair,RK1DRKZTZBPWAKGEJ,SUP-BETA
EVT-0008,Line-B,Inspection,09-17-2025 10:73,pt-3001,34.6,32.5C,na,NWBC3W ZHG6L6GG111,SUP-BETA
EVT-0009,Line-D,Inspection,18/06/2024 18:27,PT-3001,39.7,28.3C,Repair,09UKDGHFAUK9V0E5T,SUP-BETA
EVT-0010,Line-C,Assembly,TIMESTAMP_ERROR,PT-1001,19.9,38.1C,,KCKJLUEHZ0CPUPGP6,SUP-GAMMA
EVT-0011,Line-C,Assembly,14/11/2025 16:38,PT-2002,38.2,28.1C,Repair,LZ8P0CZXD25WD92MR,SUP-GAMMA
EVT-0012,Line-C, Welding ,10-08-2025 11:75,PT-2002,51.9 Nm,112.8F,ok,79FHL1MW0MVE843 9U,sup-alpha
EVT-0013,Line-B,Welding,08/04/2025 15:28,PT-2002,19.1,106.2F,NA,9UJR80FW X XVUYLMU3,sup-alpha
EVT-0014,Line-D,Packaging,2025-09-23 13:11,PT-3001,52.4,33.5C,Reject,WXPWU7G0HPZKL1CS9,SUP-DELTA
EVT-0015,Line-A,Packaging,2025/01/04 18:23,PT-2002,19.5,27.9C,Repair,LFTDT6M143HEGW2YF,SUP-ALPHA
EVT-0016,  Line-B,  Welding,08-22-2024 06:11,PT1002,41.1,35.8C,NA,GYTJ M 5V8BR7NLNSBV,Sup-Delta
EVT-0017,Line-A,Assembly,24/07/2025 06:53,PT-1002,30.2,27.1C,Repair,LFB1U1S2TDT8B25US,SUP-DELTA
EVT-0018,Line-B,Inspection,04-24-2024 13:55,PT-1002,26.5,40.5C,Repair,7R0E9XHFVVD97SD4T,SUP-BETA
EVT-0019,Line-C  ,  Assembly,03-26-2024 19:03,pt-1003,48.3,70.3F,na,SLRMN44eEY2ZE1CXX,SUP-DELTA
EVT-0020,Line-D,Inspection,12/05/2025 19:57,PT-2002,48.0,20.9C,,FMRMOGGBP16FGSYJP,SUP-DELTA
EVT-0021,Line-C,Packaging,24/12/2025 12:12,PT-2002,44.4,36.5C,Repair,Y7EDDVJW0GXJT64DP,SUP-BETA
EVT-0022,Line-B,Painting  ,03-20-2025 15:89,pt-1002,23.3 Nm,28.8C,,76SW1k6S00KX3FJ61,Sup-Alpha
EVT-0023,Line-D,  Welding,12-11-2025 07:71,pt-2002,48.4,29.0C,ok, LNDA0C 1B4MtKZXK7N,SUP-GAMMA
EVT-0024,Line-A,Painting,27/06/2025 10:07,PT-2001,53.9,38.8C,,GAFEZVH02FX1D48DA,SUP-DELTA
EVT-0025,Line-C,Painting  ,16/04/2025 08:53,pt-1003,29.0,39.7C,OK,dMC3SG3YK3RUGPXR2,SUP-BETA
EVT-0026,Line-C,Inspection  ,10-10-2025 20:63,PT-2002,20.6,31.5C,ok,KB5EGpv6SL02TXFXA,Sup-Beta
EVT-0027,Line-C,Welding,2025-03-28 22:38,PT-3001,19.9,43.5C,Reject,WXPWU7G0HPZKL1CS9,SUP-ALPHA
EVT-0028,Line-D, Painting ,2024-10-10 16:26,PT 1001,20.5,21.5C, Reject,TDV4YU0JNWC7GT6C3,SUP-DELTA
EVT-0029,Line-B,Painting,21-01-2024 17:40,PT-1003,30.0,43.6C,,,
EVT-0030,Line-B,Painting,2025-11-18 15:42,PT-3001,44.9,42.4C,Reject,6ZFRMWYRJ4GNSHVV9,SUP-ALPHA
EVT-0031,Line-C,Packaging,2024/13/40 25:99,PT-1001,35.9,32.1C,,NF7C4DD13VWVLEMY1,SUP-ALPHA
EVT-0032,Line-C,Packaging,2024/13/40 25:99,PT-1001,35.9,32.1C,,NF7C4DD13VWVLEMY1,SUP-ALPHA
EVT-0033,  Line-A,  Inspection,07/09/2025 17:45,PT 1001,51.7,87.8F,na,6 4Z ECT0DJH 9KSDFBK,SUP-BETA
EVT-0034,  Line-C,  Assembly,13/06/2024 11:36,pt-2002,46.9,41.2C,repair,C5N4kUFNBgDT36FMS,sup-beta
EVT-0035,Line-D,Inspection,2024-09-15 15:46,PT-2001,27.4,18.1C,,LSECD6M0TFJRRUFNK,SUP-ALPHA
EVT-0036,Line-A,Welding,2024-07-22 11:57,PT-3001,24.8,26.0C,Repair,UDHMWHHCXH65CHZHE,SUP-DELTA
EVT-0037,Line-C,Inspection,21-11-2025 16:31,PT-3001,43.8,40.7C,Reject,8P1FPDTP8BNR85DZU,SUP-GAMMA
EVT-0038,  Line-C,Welding,2024/06/10 20:41,PT-1002,35.3 Nm,69.8F,NA,0AMKZGX yPRLPD9S7A,SUP-GAMMA
EVT-0039,Line-C,Painting,2025/07/19 06:32,PT-2001,34.1,40.8C,,LA1FN0T43C5BA75WV,SUP-BETA
EVT-0040, Line-D ,Packaging,18-08-2024 12:31,PT 1002,54.9,76.1F,ok,Z W DPNGMY2FM 43XR7H,SUP-BETA
EVT-0041,Line-D,Assembly,2024/12/16 06:20,PT-2002,32.4,33.5C,Reject,THPBN9J2SP89V0FK8,SUP-BETA
EVT-0042,Line-A,Assembly,04-11-2025 22:17,PT-2002,43.9,29.3C,,508WMWHYHD4N2V349,SUP-ALPHA
EVT-0043,Line-A,Painting,03-27-2025 19:06,PT-2002,25.2,21.3C,Reject,KCKJLUEHZ0CPUPGP6,SUP-DELTA
EVT-0044,Line-D,  Packaging,07-10-2024 21:02,PT2002,38.7,65.7F,repair,84S Y6PTZJDK9C1Wv5,SUP-BETA
EVT-0045,Line-C,Packaging,25-07-2024 10:41,PT-1002,29.7,33.0C,Repair,9CHJ766NF40X9YA3K,SUP-BETA
EVT-0046,Line-D,Inspection,2024-09-15 15:46,PT-2001,27.4,18.1C,,LSECD6M0TFJRRUFNK,SUP-ALPHA
EVT-0047,Line-C,Painting,16-04-2025 09:44,PT-2002,24.7,44.8C,,HEB97RXDBPLX,SUP-BETA
EVT-0048,Line-A,Inspection,06-18-2024 19:30,PT1002,44.5,18.6C,na,Z3HVL8M3E 55N7N9JC,SUP-BETA
EVT-0049,Line-C,Inspection  ,2024/06/27 16:85,PT-1003,43.5,29.4C,None,E094D7SVRX2X56 16S,SUP-GAMMA
EVT-0050,Line-A,Assembly,2025-01-09 12:15,PT-1003,27.5,20.9C,,ZUJYDRR85JTF75KYX,SUP-DELTA
EVT-0051,Line-C,Packaging,07-22-2024 06:15,PT-1001,53.0,32.0C,Reject,RK1DRKZTZBPWAKGEJ,SUP-DELTA
EVT-0052,  Line-A,  Assembly,05/09/2025 19:05,PT-2001,52.4,28.7C,ok,NA7 4Y3EK4 ZE0RACJ 4,SUP-DELTA
EVT-0053,Line-A,Packaging,09-02-2025 08:53,PT-1001,53.0,43.9C,,THPBN9J2SP89V0FK8,SUP-BETA
EVT-0054,Line-C,Assembly,04/07/2024 11:03,PT-1003,35.6,35.0C,Reject,TCBRLJD84V89ZJB1S,SUP-GAMMA
EVT-0055,Line-D,Welding,28-08-2024 19:41,PT-1001,52.0 Nm,42.3C,NA,BC76vB7L8W 10PCFH4,SUP-ALPHA
EVT-0056,Line-B,Inspection,04-24-2024 13:55,PT-1002,26.5,40.5C,Repair,7R0E9XHFVVD97SD4T,SUP-BETA
EVT-0057,Line-C,Welding,2025/09/27 14:44,PT-2001,38.8,38.8C,Reject,8P1FPDTP8BNR85DZU,SUP-DELTA
EVT-0058,Line-A  ,Welding  ,28-04-2025 11:52,PT3001,46.2,31.9C,repair,A 8T8H MBT6YSU4R612,sup-gamma
EVT-0059,Line-D,Welding,2025/11/17 10:30,PT-2002,43.3,36.3C,Repair,9CHJ766NF40X9YA3K,SUP-DELTA
EVT-0060,Line-B,Assembly,26/08/2024 17:21,PT-2001,33.8,38.3C,Repair,RK1DRKZTZBPWAKGEJ,SUP-GAMMA
EVT-0061,Line-A,Welding,2025/10/01 07:54,PT-1003,41.0,31.3C,Repair,60KA8C0T2ZYT3DHZL,SUP-DELTA
EVT-0062,Line-A,Packaging,2024-09-04 11:40,PT-1002,51.7,22.2C,Reject,83N3AUSZZW48DHA6V,SUP-DELTA
EVT-0063,Line-C,Painting,2025-04-16 17:18,PT-1002,31.1,30.3C,,S4N89SKNU833EJY5V,SUP-BETA
EVT-0064,Line-D,Welding,2024/03/25 10:25,PT-1003,34.7,22.8C,Repair,JYA12DRF8UBJ4S3Z9,SUP-DELTA
EVT-0065,Line-A, Painting ,2025/03/03 10:41,PT 3001,33.8 Nm,31.8C,NA,MGwW4HTP VN9V0DSZe,sup-alpha
EVT-0066,  Line-C,Welding  ,12-12-2025 20:66,PT 1002,32.6,19.7C,None,K57N4LRH8E2DDR LDM,SUP-GAMMA
EVT-0067,Line-C,Assembly,06/02/2024 13:33,PT-2002,43.4,39.4C,Reject,7HC47KPE8LTD6ERZ1,SUP-DELTA
EVT-0068,Line-D,Inspection,20/04/2025 13:35,PT-2001,32.2,27.2C,Repair,PMW3YCDZK0Y65MWEM,SUP-DELTA
EVT-0069,Line-A,Welding,15/07/2025 11:16,PT-2002,19.7,18.7C,Repair,9MPGE4SYYWA2JEVC2,SUP-DELTA
EVT-0070,Line-A,Packaging,2025-10-02 16:34,PT-2001,34.8,42.5C,Repair,TCBRLJD84V89ZJB1S,SUP-DELTA
EVT-0071,Line-D,Inspection  ,11-05-2024 10:24,PT-1001,41.7,39.0C,ok,G93TKr863L58PLCC1,SUP-ALPHA
EVT-0072,Line-C,Welding,04/05/2024 11:23,PT-2002,32.4,34.1C,Repair,S0PYFS8MZY555NL02,SUP-DELTA
EVT-0073,Line-D,Packaging,04-08-2025 14:07,PT-1001,22.1,27.2C,Repair,XM41ZHGAJS5CPXGZT,SUP-ALPHA
EVT-0074,  Line-B,Welding,26-10-2024 12:57,PT1003,35.8,73.4F,na,E WTYMwUESWK9UYEH4,sup-gamma
EVT-0075,Line-C, Assembly ,26/10/2025 14:21,pt-1002,45.6,106.7F,,ADFSZ5 8WTX9MZZPKE,SUP-ALPHA
EVT-0076,Line-B,Assembly,2024/07/22 13:30,PT-1002,38.7,19.5C,None,555CTH9BHYPHS3R5R,sup-alpha
EVT-0077,Line-C,  Packaging,21-08-2025 12:56,PT3001,30.8,35.5C,repair,BM01E9KDVU1 FA3WH2,sup-gamma
EVT-0078,Line-A,Inspection,17-05-2024 07:20,PT-2002,23.5,31.6C,,6A1L7353J2D55H3SL,SUP-ALPHA
EVT-0079,Line-B,Welding,05-09-2024 13:12,PT-2002,27.3,27.6C,Reject,7VS23GDRPS1Z9DPM5,SUP-GAMMA
EVT-0080, Line-C ,Assembly,17-02-2024 09:39,pt-2002,46.5,77.9F,None,TF7BNGJX6RDBUFaTC,Sup-Gamma
EVT-0081,Line-B,Inspection,2024/11/15 16:29,PT-3001,20.1,32.1C,Repair,YFFCARWKH00RZ72XY,SUP-ALPHA
EVT-0082,Line-C,Packaging,03-04-2024 18:23,PT-2002,52.7,38.4C,,MFH8THEC4D246BM2E,SUP-DELTA
EVT-0083,Line-A,Inspection,18-08-2025 21:22,PT-2002,29.9,25.3C,,YFFCARWKH00RZ72XY,SUP-BETA
EVT-0084,Line-D,Welding,2024/07/19 11:12,PT-1003,46.5,38.3C,Reject,508WMWHYHD4N2V349,SUP-DELTA
EVT-0085,Line-C,Painting,2025-05-19 07:35,PT-1001,37.0,31.8C,Reject,THPBN9J2SP89V0FK8,SUP-DELTA
EVT-0086, Line-A ,  Painting,2024/07/27 12:05,PT1002,18.8 Nm,22.1C,NA,ArJK4NMD4RPTW19 BP,sup-alpha
EVT-0087,Line-A,Welding,17/06/2025 11:01,PT-2002,43.1,29.8C,,C22ESVJ5PGU1GL9YR,SUP-BETA
EVT-0088,Line-C,Packaging,2025/07/20 13:17,PT-1003,53.9,30.2C,,KA2YJ1VRAC66V4WEE,SUP-DELTA
EVT-0089,Line-D,Packaging,2025/09/28 11:76,PT-2002,40.8,111.9F,na,b4M 1A6MDMMMYJYW7C,Sup-Alpha
EVT-0090,Line-B,Painting,21-10-2024 11:35,PT-2001,45.6,38.7C,Repair,7R0E9XHFVVD97SD4T,SUP-DELTA
EVT-0091,Line-B,Inspection,06-02-2025 06:52,PT-1002,45.0,25.6C,,,
EVT-0092,Line-D,Welding,01-20-2025 20:21,PT-1003,22.0,27.4C,Repair,XKVAKRWYSRHS63FCU,SUP-DELTA
EVT-0093,Line-C,Packaging,24/12/2025 12:12,PT-2002,44.4,36.5C,Repair,Y7EDDVJW0GXJT64DP,SUP-BETA
EVT-0094,Line-A,Painting,21/10/2025 12:03,PT-1002,20.0,27.4C,,LJG85LYP7SJJVJW6P,SUP-GAMMA
EVT-0095,Line-C,Welding,2024-01-01 18:34,pt-1003,45.4,23.7C,,FH4GF35 579S VKCD0T,SUP-ALPHA
EVT-0096,Line-A, Welding ,03-02-2025 14:14,PT-1001,52.4,96.3F,na,YRGY3KbWUHFB HAF92,SUP-ALPHA
EVT-0097,Line-C,Inspection,03-11-2024 11:11,PT-1001,32.0,29.6C,Repair,NTM54D8X40R18J3US,SUP-BETA
EVT-0098,Line-A,Inspection,23-07-2025 18:05,pt-2002,21.1 Nm,42.9C,None,LW2YyLR8HJ7DXBYYF,Sup-Beta
EVT-0099,Line-D,Painting,2024-12-10 12:00,PT-1001,35.2,39.5C,Repair,W86X0T4V61SJJY2UX,SUP-DELTA
EVT-0100,Line-C  ,Packaging,12-19-2025 15:30,PT 1003,54.3,39.5C,na,S822W0 WFXX4EZ B8DA,SUP-DELTA
EVT-0101,Line-A  ,  Packaging,25-03-2025 06:73,PT3001,43.8 Nm,97.2F,REJECT,PTP2LSUtMk0CTNS1Z,sup-delta
EVT-0102,Line-A,Packaging,16/10/2025 22:49,PT-3001,39.4,37.7C,,WU1BWT5F8CGWZHD6J,SUP-DELTA
EVT-0103,Line-C,Welding,17/09/2025 10:82,pt-1002,50.9 Nm,76.8F,ok,7103F4ZW6WK1WcB2M,SUP-BETA
EVT-0104,Line-C,  Welding,2024-12-05 13:68,PT 2001,47.0 Nm,38.9C,na,D3TBDJCZ127 G6GMc4,SUP-BETA
EVT-0105,Line-C,Packaging,25-07-2024 10:41,PT-1002,29.7,33.0C,Repair,9CHJ766NF40X9YA3K,SUP-BETA
EVT-0106,Line-C,Assembly,2025/04/20 12:29,PT-2002,18.2,22.7C,Repair,WU1BWT5F8CGWZHD6J,SUP-ALPHA
EVT-0107,Line-D,Painting,2024-02-12 21:11,PT-1001,54.3,35.6C,Repair,9U74J4S31MD8E8509,SUP-BETA
EVT-0108,Line-B,Assembly,2025-10-24 06:19,PT-2002,37.8,40.9C,Reject,YFFCARWKH00RZ72XY,SUP-GAMMA
EVT-0109,Line-A, Painting ,09-07-2024 07:08,PT-1002,45.1,34.1C,REJECT,KEYHKC867XRT 9 8Z2L,sup-delta
EVT-0110,Line-D,Painting,2025/08/13 17:34,PT-1001,48.7,39.3C,Repair,WZ52NAM158P1VWHHR,SUP-BETA
EVT-0111,  Line-C,Painting,2024/07/21 08:73,pt-1001,26.4,18.3C,OK,ZSHC3DnKN35YZCVXF,SUP-DELTA
EVT-0112,Line-C,Assembly,2025-10-03 22:01,PT-3001,42.5,22.8C,,5BCX791RDX5RZ6B3K,SUP-ALPHA
EVT-0113,Line-D,Assembly,2025-10-18 22:13,pt-1002,23.2,74.8F,,WK1PVJyFS8Z8EgXJx,SUP-GAMMA
EVT-0114,Line-B,Assembly,2024-08-09 17:55,PT-2001,50.0,21.2C,,W86X0T4V61SJJY2UX,SUP-GAMMA
EVT-0115,Line-C,Inspection  ,10-10-2025 20:63,PT-2002,20.6,31.5C,ok,KB5EGpv6SL02TXFXA,Sup-Beta
EVT-0116,Line-C,Painting,23/12/2024 10:10,PT-1001,19.5,26.5C,,83N3AUSZZW48DHA6V,SUP-GAMMA
EVT-0117,Line-A,Welding,2024/12/11 21:33,PT-1002,40.4,31.9C,Reject,NF423FRPZHRK1RUL3,SUP-GAMMA
EVT-0118,Line-C,Painting,2024/06/08 09:15,PT-1002,31.9,24.0C,Reject,LSECD6M0TFJRRUFNK,SUP-DELTA
EVT-0119,  Line-C,Painting  ,24/04/2024 20:47,PT1003,47.1 Nm,39.4C,repair,H1MGb793ZH5UGXCT8,sup-beta
EVT-0120,Line-C,Painting,14/09/2025 18:15,PT-3001,45.3,28.5C,Reject,WZ52NAM158P1VWHHR,SUP-GAMMA
EVT-0121,Line-B,  Packaging,18/06/2024 17:51,PT 1001,31.3 Nm,42.3C,NA,K0GGM1K47VCfKJNAY,Sup-Beta
EVT-0122,Line-B,Painting,24/07/2024 20:19,PT-3001,25.3,29.4C,Repair,GAFEZVH02FX1D48DA,SUP-GAMMA
EVT-0123,Line-D,Inspection,2025/02/11 12:27,PT-1002,34.2,41.0C,,4KKW9TEUMVUSLG0VH,SUP-BETA
EVT-0124,Line-C,Assembly,2025/10/02 10:43,PT-1003,31.8,38.6C,Repair,KA2YJ1VRAC66V4WEE,SUP-GAMMA
EVT-0125,Line-C,Assembly,24-11-2024 07:47,PT-2002,22.5,31.0C,Reject,JYA12DRF8UBJ4S3Z9,SUP-GAMMA
EVT-0126,Line-A,Assembly,05-15-2024 21:01,PT-1002,45.4,23.7C,Repair,4XYA74JF0LMA5VPEX,SUP-GAMMA
EVT-0127,Line-C,Welding,19/03/2024 12:41,PT-1001,38.8,41.0C,,7VS23GDRPS1Z9DPM5,SUP-ALPHA
EVT-0128,Line-B,Painting,15/09/2025 09:43,PT-3001,39.6,20.5C,Repair,7HC47KPE8LTD6ERZ1,SUP-ALPHA
EVT-0129,Line-C  ,  Packaging,10-07-2024 21:06,pt-1002,21.5,35.0C,None,F2Z9YCA7RT1T0aA2E,sup-alpha
EVT-0130,Line-B,Assembly,2024/10/06 16:69,PT 1002,38.5,109.4F,OK,Nf6CA70WKZ3SEEJRH,SUP-DELTA
EVT-0131,Line-A,  Inspection,06-20-2024 15:86,PT 3001,21.3,99.7F,OK,17U 487J6HE3LWN1HP,Sup-Gamma
EVT-0132,Line-A,Painting,2025-06-14 16:77,PT 1002,40.2,39.0C,repair,UT 1KB68TDTWU9 97E5,sup-alpha
EVT-0133,Line-C,Painting,2025/03/19 14:40,PT 1001,50.6 Nm,89.4F,REJECT,8 LA211SYMCUHRGJ4M,sup-delta
EVT-0134,Line-B,Welding,11-24-2024 13:14,PT-1003,22.8,28.4C,Repair,D2X3HURR59LXX18GG,SUP-BETA
EVT-0135,Line-A,Inspection,2025/04/03 06:44,PT-1002,22.9,26.0C,Repair,JGRPKJ7R5VB94875F,SUP-ALPHA
EVT-0136,  Line-C,Assembly,26-12-2025 14:03,PT 1002,42.3,100.2F,NA,E c2jXKJ1W71YNF2HF,SUP-DELTA
EVT-0137,Line-A,Packaging,24/09/2024 07:58,PT-2001,50.6,22.7C,,5BCX791RDX5RZ6B3K,SUP-DELTA
EVT-0138,Line-D,Packaging,2024-09-04 20:29,PT-1002,37.2,28.7C,Repair,H9TDBDX3PCN9U95A0,SUP-DELTA
EVT-0139,Line-A,Inspection,23-07-2025 18:05,pt-2002,21.1 Nm,42.9C,None,LW2YyLR8HJ7DXBYYF,Sup-Beta
EVT-0140,Line-B,  Welding,2024/11/06 19:35,PT 2001,47.1,68.2F,NA,M34MF20 AS7RHAK7MC,sup-alpha
EVT-0141,Line-B,Inspection,2025-06-06 14:47,PT-1003,19.0,19.3C,Repair,KCKJLUEHZ0CPUPGP6,SUP-BETA
EVT-0142,Line-D  ,Welding,06-23-2024 11:58,pt-1001,39.7,38.9C,REJECT,n8PDK EF8 38YF8Z72H,SUP-DELTA
EVT-0143,Line-D,Welding,2025/10/21 17:28,PT-1001,24.0,37.6C,Reject,SLL9PT9YUPGM1X2GV,SUP-DELTA
EVT-0144,Line-A,Welding,2025/09/18 12:41,PT-1003,31.4,19.5C,,8P1FPDTP8BNR85DZU,SUP-GAMMA
EVT-0145,Line-C,Welding,04/05/2024 11:23,PT-2002,32.4,34.1C,Repair,S0PYFS8MZY555NL02,SUP-DELTA
EVT-0146,Line-A,  Inspection,03-01-2025 19:98,PT-3001,43.9,26.4C,, 91SE37SSZ0 sHH5X7N,Sup-Alpha
EVT-0147,Line-D,Inspection,2025/05/09 17:32,PT-2001,21.6,44.5C,Reject,YFFCARWKH00RZ72XY,SUP-BETA
EVT-0148,Line-A,Painting,2025-02-20 19:07,PT-1003,39.2,19.1C,,9CHJ766NF40X9YA3K,SUP-GAMMA
EVT-0149,Line-C,Inspection,2025-05-06 08:17,PT-2001,32.4,44.9C,Reject,NTM54D8X40R18J3US,SUP-BETA
EVT-0150,Line-B,Inspection,14/01/2025 12:44,PT-3001,29.2,41.6C,Reject,JGRPKJ7R5VB94875F,SUP-GAMMA
EVT-0151,Line-A,Welding,2024/02/19 14:49,PT-1001,51.2,22.0C,Repair,YAKH1Z6CPAHTAGYUH,SUP-ALPHA
EVT-0152,Line-A,Welding,09-01-2024 12:15,PT-2001,21.1,32.4C,Reject,NEUV3FC5XH7ESJJA3,SUP-ALPHA
EVT-0153,Line-B,Welding,21-09-2025 09:41,PT-1001,25.1,34.7C,Repair,ZUJYDRR85JTF75KYX,SUP-BETA
EVT-0154,Line-B,Packaging,26/02/2025 16:55,PT-2002,46.4,34.2C,Repair,Y7FWXTDMLZ5LZK83V,SUP-DELTA
EVT-0155,Line-B,Assembly,2024-02-06 06:40,PT-1002,42.8,38.9C,Repair,Z0Y4X6YLRW1CK1FEU,SUP-ALPHA
EVT-0156,  Line-D,Painting  ,2024/11/07 22:58,PT-2001,50.6 Nm,95.9F,,4JUF YN  Y4UN6UM5TSW,sup-beta
EVT-0157,Line-A, Assembly ,2025/07/22 10:21,PT-1003,24.1,103.8F, Reject,GATE03NY 2XWBD4BDR,sup-beta
EVT-0158,Line-B  ,Welding,21-06-2025 13:09,PT-2001,23.1,42.8C,,8R20UCMP2rNB7 EV99,SUP-GAMMA
EVT-0159,  Line-C,  Assembly,19-10-2024 11:80,PT-2001,34.5 Nm,34.6C,None,Y7PXp6CMLY0WP6 271,SUP-GAMMA
EVT-0160,Line-D,Inspection,2025/10/20 19:05,PT-1003,40.7,29.7C,Reject,JGRPKJ7R5VB94875F,SUP-ALPHA
EVT-0161,Line-D,Painting,02-08-2024 18:31,PT-3001,40.1,22.7C,Repair,2B103NY49TBTW55RU,SUP-ALPHA
EVT-0162,Line-A,Inspection,07-08-2024 10:27,PT-2002,30.2,32.6C,,KA2YJ1VRAC66V4WEE,SUP-BETA
EVT-0163,Line-C,Assembly,2025/09/22 09:08,PT-1001,54.7,41.4C,,Y7EDDVJW0GXJT64DP,SUP-BETA
EVT-0164,Line-D,Assembly  ,2024/10/19 17:51,pt-1002,27.1 Nm,38.0C,REJECT,zLSR2TdYCK46g1X16,SUP-GAMMA
EVT-0165,Line-A,Painting,2024-02-12 16:11,PT-2001,42.2,18.3C,,8P1FPDTP8BNR85DZU,SUP-BETA
EVT-0166,Line-C,Painting,05-02-2025 16:48,PT-1001,49.4,37.2C,Reject,3HAGL58KYP9U7D9F8,SUP-BETA
EVT-0167,  Line-D,Packaging  ,2024-11-28 08:21,PT 1001,42.4,92.5F, Reject,GK U2ZJFD8VDUVJ83V,SUP-GAMMA
EVT-0168,Line-B,Packaging,06-08-2024 11:36,PT-3001,50.3,21.9C,Repair,LFB1U1S2TDT8B25US,SUP-GAMMA
EVT-0169,Line-A  ,Painting,07-03-2024 20:79,PT 1001,18.3 Nm,91.8F, Reject,N9921V3E7 AUX ZAM2N,SUP-ALPHA
EVT-0170,Line-A,Welding,27-04-2025 08:21,PT-2002,53.3,28.7C,Reject,GJ7YXF1FN9YVZ42HB,SUP-GAMMA
EVT-0171,Line-C,Painting,19/01/2025 07:50,PT-3001,48.1,31.4C,,,
EVT-0172,Line-D,Welding,03-18-2024 18:32,PT-3001,23.9,45.0C,Reject,7R0E9XHFVVD97SD4T,SUP-GAMMA
EVT-0173,Line-C,  Welding,2024/08/02 15:68,PT-1003,32.2,42.5C,, YMF UU1HAAKZUu4JMK,sup-alpha
EVT-0174,Line-D,  Painting,05/04/2024 07:87,pt-3001,40.0,37.6C,OK,VV5U7A0W 2DEvW8DD2,SUP-DELTA
EVT-0175,Line-D,Packaging,25-09-2025 18:25,PT-1003,25.7,18.1C,,WA7TT0J5KJ,SUP-BETA
EVT-0176,  Line-D,Assembly,2025-11-04 18:28,pt-1001,32.8,20.7C,None,NGG4PHRT22W138 MZ 8,Sup-Gamma
EVT-0177,Line-B,Assembly,2025-07-18 21:03,PT-1003,32.2,29.3C,Repair,B1HPMN02VCBFXZJYT,SUP-BETA
EVT-0178,Line-A,Painting,2025/11/14 18:27,PT-2001,18.2,32.4C,Repair,4KKW9TEUMVUSLG0VH,SUP-ALPHA
EVT-0179,  Line-C,Packaging,2025-03-03 13:22,pt-3001,48.3 Nm,43.7C,,JS3EA49E4N XYWJ3AC,sup-delta
EVT-0180,Line-A,  Inspection,2025/04/09 10:45,PT1001,40.1,32.4C,ok, B803W7DJYFXVYY8L3,SUP-BETA
EVT-0181, Line-D ,Welding,2025/03/02 09:72,PT 3001,52.2,96.4F,OK,NVTBAC4X SDG  Y9SD2S,sup-delta
EVT-0182,Line-B,Welding,10-22-2025 22:02,PT-1002,20.2,23.4C,Repair,S4N89SKNU833EJY5V,SUP-GAMMA
EVT-0183,Line-C  ,Inspection,2024-09-26 19:30,PT2002,49.8,86.5F,,LAZNdM5G JJ8MGPP1N,SUP-BETA
EVT-0184,Line-D,Painting,21/03/2025 21:06,PT-2002,46.4,23.9C,Repair,WU1BWT5F8CGWZHD6J,SUP-DELTA
EVT-0185,Line-A,Assembly,14-03-2025 06:55,PT-1003,32.1,20.5C,,LA1FN0T43C5BA75WV,SUP-BETA
EVT-0186,Line-D,Painting,2025/07/08 15:08,PT-2002,36.9,28.7C,Repair,W3A30MF8MDD4W31U9,SUP-BETA
EVT-0187,Line-D,  Painting,17-02-2025 22:50,PT1001,35.4,112.1F,na,3 M1X21LBV3F2SZX3C,Sup-Alpha
EVT-0188,Line-C,Inspection,08-04-2025 20:46,PT1001,48.0 Nm,40.9C,None,UVlRS  3XGYP16RRAHK,SUP-GAMMA
EVT-0189,Line-D,Packaging,25/06/2024 08:15,PT-2001,21.4,34.7C,Repair,F2U2UALA754LB58CT,SUP-ALPHA
EVT-0190,Line-D,Assembly,2025-06-01 09:07,PT-1001,36.1,36.1C,Repair,WZ52NAM158P1VWHHR,SUP-ALPHA
EVT-0191,Line-B,Packaging,11-09-2024 11:20,PT-1001,42.9,40.5C,,6ZFRMWYRJ4GNSHVV9,SUP-ALPHA
EVT-0192,Line-D,Packaging,11-07-2025 06:40,PT-1001,41.4,41.6C,Repair,7RUY64CFL1VKEZ08T,SUP-DELTA
EVT-0193,Line-C,Welding,08-01-2025 19:44,PT-2001,41.1,37.2C,Reject,2B103NY49TBTW55RU,SUP-DELTA
EVT-0194,Line-C,Packaging,05-04-2025 18:57,pt-1002,28.6,27.4C,repair,H4JVJ d1HB6HHDL SZE,Sup-Gamma
EVT-0195,Line-B,Welding,2025-03-21 06:50,PT-1001,38.1,40.1C,,E263LSJUJUA,SUP-BETA
EVT-0196,Line-D,Inspection,2024-01-18 19:00,PT-2002,44.7,32.5C,Reject,NV4X5W0BHKCHDKXNN,SUP-DELTA
EVT-0197,Line-A,Packaging,2024-06-19 18:85,PT2002,35.6,44.0C,repair,FZF4waG7NGKUSNAL7,SUP-DELTA
EVT-0198,Line-B,Welding,08-26-2025 19:47,PT-3001,40.3,27.7C,,4KKW9TEUMVUSLG0VH,SUP-BETA
EVT-0199,Line-D,Welding,06-22-2025 15:65,PT-2002,30.6,101.3F, Reject, V8YKNDZT6 RGBA9HN3,Sup-Alpha
EVT-0200,Line-D,Painting,00-00-0000 00:00,PT-1003,36.5,38.7C,,GL2N14JCAU9MY2Y18,SUP-ALPHA
EVT-0201,Line-A,Painting,08-12-2024 15:44,PT-1002,48.2,42.0C,Repair,4XYA74JF0LMA5VPEX,SUP-GAMMA
EVT-0202,Line-C,Painting,13-02-2025 16:04,PT-1002,35.6,27.5C,Repair,R1J54C6JSXNA5GG3M,SUP-BETA
EVT-0203,Line-D,Assembly,02-04-2025 13:00,PT-1003,48.7,44.0C,Reject,0PDAL3X47C4JWUPLM,SUP-GAMMA
EVT-0204,Line-D  ,  Painting,2024/12/05 16:42,pt-2001,38.3 Nm,110.7F,repair, FAD KUNC2 ZFMHBZHZ4,SUP-DELTA
EVT-0205,Line-B,  Painting,06-01-2024 14:85,PT 2002,50.5,40.2C, Reject,XSSHPEw2XTFZ7WCNE,SUP-DELTA
EVT-0206,Line-A,Inspection,00-00-0000 00:00,PT-1001,21.6,18.4C,,0PDAL3X47C4JWUPLM,SUP-BETA
EVT-0207,Line-C,Welding,06-03-2025 18:43,PT-1002,20.6,19.9C,,,
EVT-0208,Line-B,  Assembly,06/11/2025 07:39,PT-1001,29.0 Nm,21.8C,repair,86B  HWHTT8JL VCAX7A,SUP-BETA
EVT-0209,Line-B,Inspection,2024/13/40 25:99,PT-2001,24.8,41.3C,,XM41ZHGAJS5CPXGZT,SUP-DELTA
EVT-0210,  Line-A,Packaging  ,19/11/2024 17:02,pt-1002,26.1,22.7C, Reject,GF Jd4EY6MGSNNFU3X,SUP-BETA
EVT-0211,Line-B,Painting,10-07-2025 13:30,PT-3001,31.9,28.8C,,0TK49JVN7T65K3P7T,SUP-ALPHA
EVT-0212,Line-B,Painting,2025/04/18 09:41,PT-3001,52.7,33.7C,Repair,W86X0T4V61SJJY2UX,SUP-BETA
EVT-0213,Line-D,Assembly,2024-04-07 12:47,PT-1003,44.9,33.5C,Repair,L6356GJD26PXF7593,SUP-DELTA
EVT-0214,Line-A,Inspection,00-00-0000 00:00,PT-1002,40.9,37.7C,,XKVAKRWYSRHS63FCU,SUP-BETA
EVT-0215,Line-B,Packaging,12-03-2025 20:34,pt-1003,18.9,38.7C,REJECT,A19 L0SK89VEV6RZ16,SUP-DELTA
EVT-0216,Line-B,  Inspection,10-03-2024 06:25,PT-2001,30.2,40.0C,None,l8GL88KZTWJN3NdVW,Sup-Beta
EVT-0217,Line-B,Inspection,2024/09/17 09:05,PT-3001,22.8,34.3C,,9U74J4S31MD8E8509,SUP-DELTA
EVT-0218,Line-D,Assembly,24/10/2025 07:89,pt-1002,43.4,85.6F,OK,4JKFZHHEa3LT9P6GJ,SUP-GAMMA
EVT-0219,Line-C,Inspection,2025-08-23 06:48,PT-3001,41.7,35.0C,Repair,KA2YJ1VRAC66V4WEE,SUP-ALPHA
EVT-0220,Line-B,Welding,07-10-2025 20:47,PT-1002,22.0 Nm,38.6C,repair,VHHZMZSTw0N5TEGB2,SUP-BETA
EVT-0221, Line-D ,  Packaging,05-12-2024 07:55,PT-1001,34.2,29.9C,REJECT,TT7U30CW4VLcYL WRZ,sup-delta
EVT-0222,Line-C,Assembly,2024/04/05 21:09,PT-3001,54.6,28.1C,Repair,0PDAL3X47C4JWUPLM,SUP-DELTA
EVT-0223,Line-A,Painting,2025/10/08 09:59,PT-1002,30.3,20.1C,Reject,YFFCARWKH00RZ72XY,SUP-BETA
EVT-0224,Line-B,Painting,09-15-2024 22:45,PT-1001,51.9,21.0C,Repair,NF7C4DD13VWVLEMY1,SUP-BETA
EVT-0225,  Line-B,Welding,2024-09-24 14:12,PT 3001,40.7,107.2F,ok,5L4PEUTuB0B7ULNM6,SUP-DELTA
EVT-0226,Line-A,Welding,00-00-0000 00:00,PT-1002,33.2,42.7C,,YAKH1Z6CPAHTAGYUH,SUP-BETA
EVT-0227,Line-B,Painting,2025-05-09 21:09,PT-1002,34.1,29.4C,Reject,UDHMWHHCXH65CHZHE,SUP-GAMMA
EVT-0228,Line-C,Inspection,10-02-2024 18:45,PT-2001,48.5 Nm,44.3C,NA,ZM 52YG8 R7BEFFL0M8,SUP-GAMMA
EVT-0229,Line-B,Inspection,07-15-2025 22:09,PT-1001,35.9,26.0C,,WXPWU7G0HPZKL1CS9,SUP-BETA
EVT-0230,Line-D,Painting,08-17-2024 22:05,PT-2001,34.2,42.5C,Reject,5VSRGB8S4PCXBEVL9,SUP-BETA
EVT-0231,  Line-A,Welding,11-10-2024 11:29,pt-1001,29.1,82.8F,ok,CSE5LPGGBV 9UC0W30,SUP-DELTA
EVT-0232,Line-D,Assembly,2024/10/06 18:30,PT-1003,39.1,20.7C,,RK1DRKZTZBPWAKGEJ,SUP-BETA
EVT-0233,Line-B,Assembly,2025/08/18 06:44,PT-2001,29.1,38.7C,Reject,80NW7LN33Z41ZUYPM,SUP-BETA
EVT-0234,Line-C,Assembly,01-22-2024 09:29,PT-1002,33.0,31.6C,Repair,D2X3HURR59LXX18GG,SUP-ALPHA
EVT-0235,Line-A,Painting,08-13-2025 15:49,PT-2001,24.2,25.9C,,4XYA74JF0LMA5VPEX,SUP-BETA
EVT-0236,Line-D  ,Painting,2025-01-21 14:48,PT1002,35.6,43.6C, Reject,ZNJ URK3NLU 8DUM4XY,Sup-Delta
EVT-0237,Line-D,Welding  ,09/01/2024 19:81,PT 2001,27.1,110.3F,NA,S1ME VG698U4C3BAEX,Sup-Delta
EVT-0238,Line-A,Inspection,23/04/2024 10:00,PT-3001,19.8,26.3C,,8P1FPDTP8BNR85DZU,SUP-BETA
EVT-0239,Line-A,Painting,2024/09/11 21:33,PT-1003,53.4,30.4C,Repair,Y7FWXTDMLZ5LZK83V,SUP-GAMMA
EVT-0240,Line-C  ,Welding,01-05-2024 16:99,PT-2001,38.4 Nm,37.1C,None,CTPUDHHlMH1U949AZ,Sup-Gamma
EVT-0241,Line-A,Painting,06-12-2025 09:13,PT-2001,47.1,39.6C,Repair,ZUJYDRR85JTF75KYX,SUP-BETA
EVT-0242,Line-D,Painting,26-09-2025 13:04,PT-2001,41.1,68.5F,na, L4 CE7RKXCZVKNd1HW,Sup-Alpha
EVT-0243,Line-C,  Painting,08-17-2024 18:58,PT-1003,25.9,36.7C, Reject,ECF09389Z0VKKF00 F,SUP-BETA
EVT-0244,Line-C,Painting,2025/10/24 06:29,PT-1002,50.3,28.9C,Reject,9MPGE4SYYWA2JEVC2,SUP-ALPHA
EVT-0245,Line-A,Inspection,24-09-2025 15:01,PT-1003,37.0,31.7C,Reject,H9TDBDX3PCN9U95A0,SUP-GAMMA
EVT-0246,Line-C,Inspection,2024-05-14 18:49,PT-3001,51.3,42.4C,,TLRB4C55XTSV36R3Y,SUP-BETA
EVT-0247,Line-B,Welding,24-04-2025 22:43,PT-2001,43.0,89.8F,OK,4T8PNND7Ju2DKKH1V,SUP-ALPHA
EVT-0248,Line-C,Painting,2024-02-01 19:01,PT-1003,48.4,36.4C,,WZ52NAM158P1VWHHR,SUP-ALPHA
EVT-0249,Line-C,Painting,01/05/2024 09:24,PT-2001,53.2,39.1C,,NCYLL40KLPPKEP8Z6,SUP-GAMMA
EVT-0250,Line-B,Painting,07-17-2024 09:52,PT-1003,38.8,23.1C,,LA1FN0T43C5BA75WV,SUP-DELTA
EVT-0251,Line-A,Painting,14-03-2024 20:35,PT-2002,33.1,18.7C,Reject,0PDAL3X47C4JWUPLM,SUP-ALPHA
EVT-0252,Line-C,Packaging  ,2024-06-12 20:31,PT-2001,43.1,25.9C,OK, 6SC6K8DK0T5UX K8UE,sup-alpha
EVT-0253,Line-C,Packaging,04-08-2025 14:35,PT-1002,52.8,44.5C,Reject,W86X0T4V61SJJY2UX,SUP-DELTA
EVT-0254,Line-B,Painting,2025/02/03 16:19,PT-1002,37.7,22.1C,,,
EVT-0255,Line-A,Packaging,2024-02-09 09:34,PT-3001,38.3,19.8C,Repair,JGRPKJ7R5VB94875F,SUP-GAMMA
EVT-0256, Line-A ,Packaging,12/07/2025 09:90,pt-1001,50.4,23.1C,na,UUNG3PDRWjUVX9P  GV,SUP-DELTA
EVT-0257,Line-B,Packaging,21/05/2025 14:64,pt-1002,41.6,25.3C, Reject,ABuG DJ00HETML39S3,sup-delta
EVT-0258,Line-D,Inspection,16-07-2025 09:46,PT-1002,50.2,39.2C,na,TC499S68SUJF80D9A,SUP-DELTA
EVT-0259,Line-B,Assembly,01/09/2025 06:30,PT-3001,24.4,39.6C,,LZ8P0CZXD25WD92MR,SUP-GAMMA
EVT-0260,Line-C,Packaging,2024/02/11 22:83,pt-1001,33.8,20.5C,None,HCZPv25WY9Z81PFTs,SUP-ALPHA
EVT-0261,Line-C,  Painting,2024/12/15 17:05,PT-3001,36.9,28.2C,None,vYE5F0PL2RXDEGX JS,Sup-Delta
EVT-0262,Line-C  , Assembly ,04-05-2024 15:47,PT-1003,40.4 Nm,29.9C,ok,254uFL TE56AG44JS7,Sup-Beta
EVT-0263,Line-D  ,Painting,07-12-2024 10:29,pt-1003,22.7,67.3F,NA,P2HKF386WVHPU5HSS,sup-beta
EVT-0264, Line-C ,Assembly,17-02-2024 09:39,pt-2002,46.5,77.9F,None,TF7BNGJX6RDBUFaTC,Sup-Gamma
EVT-0265,Line-D,Packaging,2024-12-08 15:43,PT-3001,54.7,35.5C,,JGRPKJ7R5VB94875F,SUP-DELTA
EVT-0266,  Line-C,Packaging,2025-03-03 13:22,pt-3001,48.3 Nm,43.7C,,JS3EA49E4N XYWJ3AC,sup-delta
EVT-0267,Line-D,Packaging,22/09/2025 21:36,PT-2001,29.1,28.7C,Repair,LJG85LYP7SJJVJW6P,SUP-BETA
EVT-0268,Line-B, Painting ,01/01/2025 20:53,pt-1001,52.1,24.8C,REJECT,WTB1VKPEEV KRX8 LZM,SUP-DELTA
EVT-0269,Line-C,Painting,2024-10-11 15:32,PT-1003,44.1,40.4C,ok,9L4G130B5FTn9y59V,sup-delta
EVT-0270,Line-B,  Packaging,10-02-2025 06:96,pt-3001,39.2,18.8C,,YKJ3PRZFPS ME5L9Mp,sup-alpha
EVT-0271,Line-A,Painting,2025/06/24 09:30,PT-2001,25.8,22.4C,Reject,NV4X5W0BHKCHDKXNN,SUP-BETA
EVT-0272,Line-D,Welding,2024-12-25 06:38,PT-2001,32.2,21.0C,,,
EVT-0273,Line-B,Packaging,2024-10-01 19:02,PT-2001,45.1,31.6C,Reject,B1HPMN02VCBFXZJYT,SUP-DELTA
EVT-0274,Line-A,Painting,2024/07/04 09:04,PT-2002,20.0,38.8C,Repair,7VS23GDRPS1Z9DPM5,SUP-ALPHA
EVT-0275,  Line-B,Packaging  ,2024-06-27 20:82,pt-2001,48.2,31.6C,NA,0rFV3HBHK2V2TTvJU,sup-delta
EVT-0276,Line-A,Inspection,03/05/2024 18:40,PT-3001,43.9,39.6C,Reject,7R0E9XHFVVD97SD4T,SUP-ALPHA
EVT-0277,Line-D  ,Painting,2024/06/13 18:10,PT 2002,34.0 Nm,43.8C,ok,527WF0JSRNW  CeSFGA,SUP-GAMMA
EVT-0278,Line-A,Packaging,2024-08-07 14:44,PT 2001,40.2 Nm,111.0F,OK, 0R7RZD 0G52KTe5W9K,sup-gamma
EVT-0279,Line-C,Packaging,10-13-2025 09:22,PT-2001,40.8,40.0C,Repair,5VSRGB8S4PCXBEVL9,SUP-ALPHA
EVT-0280,Line-A,Inspection,17/02/2025 09:48,PT-3001,51.2,22.9C,Repair,XKVAKRWYSRHS63FCU,SUP-ALPHA
EVT-0281,Line-B,Packaging,07/07/2025 10:51,PT-2001,47.8,22.8C,Reject,KA2YJ1VRAC66V4WEE,SUP-GAMMA
EVT-0282,Line-A,  Painting,2025-08-21 09:55,pt-1003,22.6 Nm,65.8F,NA,AJ8Y3BG3NU8jT1WMZ,SUP-DELTA
EVT-0283,Line-D  ,Painting,2024/01/04 08:41,PT-2001,54.0 Nm,42.6C,None,jK8YNLP51CX2ME1 7P,SUP-ALPHA
EVT-0284,Line-C,Packaging,08-11-2025 07:48,PT-2002,25.0,32.5C,,7RUY64CFL1VKEZ08T,SUP-BETA
EVT-0285,Line-D,Assembly,06/03/2025 17:11,PT-1002,36.0,31.6C,,7HC47KPE8LTD6ERZ1,SUP-BETA
EVT-0286,Line-C,Welding,28/08/2024 18:46,PT-1001,40.3,41.5C,Reject,GAFEZVH02FX1D48DA,SUP-GAMMA
EVT-0287,Line-D  ,Packaging,2025/09/20 16:27,PT2001,36.4,18.7C,repair,MC4Ty27D  CBGGLK3ZK,SUP-GAMMA
EVT-0288,Line-B,Packaging,2024/02/13 06:34,PT-1003,23.4,43.5C,,RWD05Y20HRHMRPDRY,SUP-DELTA
EVT-0289,Line-B,Assembly,11-19-2024 16:51,PT-1002,21.1,27.9C,Reject,2B103NY49TBTW55RU,SUP-BETA
EVT-0290,Line-C  ,Welding,10-17-2024 13:50,pt-1002,37.9,97.0F,,GLW86ME5NNKM95 C1R,sup-delta
EVT-0291,Line-B,Assembly,2025/01/04 13:24,PT-1002,45.3,18.9C,Reject,THPBN9J2SP89V0FK8,SUP-BETA
EVT-0292,Line-B,Assembly,2025/03/20 18:02,PT-1003,43.5,19.3C,Reject,R1J54C6JSXNA5GG3M,SUP-GAMMA
EVT-0293,Line-B,Packaging,11-09-2024 11:20,PT-1001,42.9,40.5C,,6ZFRMWYRJ4GNSHVV9,SUP-ALPHA
EVT-0294,Line-D,Welding,2025/02/27 21:30,PT-1003,44.5,41.7C,,3HAGL58KYP9U7D9F8,SUP-GAMMA
EVT-0295,Line-B,Painting,2025/05/03 09:01,PT-2001,47.9,34.0C,Repair,TCBRLJD84V89ZJB1S,SUP-GAMMA
EVT-0296,Line-D  ,Painting,07-12-2024 10:29,pt-1003,22.7,67.3F,NA,P2HKF386WVHPU5HSS,sup-beta
EVT-0297,Line-C,Painting,24-04-2025 08:50,pt-1001,32.4,38.3C,,F0US8SWY3YG 6RHHRN,sup-alpha
EVT-0298,Line-A,Inspection,2025/11/21 12:52,PT-1002,30.0,23.5C,,,
EVT-0299,Line-A,Welding,20/08/2024 13:04,PT-2001,30.5,40.6C,Repair,NEUV3FC5XH7ESJJA3,SUP-GAMMA
EVT-0300,Line-A,Painting,2024-05-16 22:21,PT-2002,46.0,20.4C,Reject,R1J54C6JSXNA5GG3M,SUP-DELTA
EVT-0301,Line-B,  Welding,05-22-2024 14:09,PT-1002,19.2,20.8C,,1VH23KY7N89lVAJX2,SUP-BETA
EVT-0302,Line-A,Assembly,06-09-2024 09:04,PT-1002,50.9,22.3C,,0PDAL3X47C4JWUPLM,SUP-ALPHA
EVT-0303,Line-B,Inspection,04-18-2024 18:53,PT-2001,23.7,44.9C,Repair,Y7EDDVJW0GXJT64DP,SUP-BETA
EVT-0304,Line-D,Painting,2024-04-27 12:51,PT-2002,31.0,25.6C,Repair,JDR1LXTNWJ0A7U01Z,SUP-GAMMA
EVT-0305,Line-C,Inspection,2025/06/15 14:13,PT-1003,43.1,40.3C,Reject,LSECD6M0TFJRRUFNK,SUP-ALPHA
EVT-0306,Line-A  ,Welding  ,2025/02/01 15:55,PT-1002,36.8,42.4C,,gTS7AJUM nFMMXH9T3,SUP-GAMMA
EVT-0307,  Line-D,  Welding,2024/01/16 14:10,PT-1001,52.3 Nm,27.6C,NA,T45ED5FfTK6WW9UVP,SUP-ALPHA
EVT-0308,Line-D,Welding,12-19-2025 15:35,PT-2002,21.7,19.3C,Reject,S0PYFS8MZY555NL02,SUP-BETA
EVT-0309,Line-D,Inspection,01-13-2025 19:11,PT-1002,51.6,25.4C,Reject,6A1L7353J2D55H3SL,SUP-ALPHA
EVT-0310,Line-A,Assembly,2024/07/23 10:47,PT-1003,31.3,20.5C,Reject,83N3AUSZZW48DHA6V,SUP-GAMMA
EVT-0311,Line-B,Welding,11-13-2024 09:55,PT-2002,36.5,22.6C,,2T12R7VXX5XECRKKB,SUP-BETA
EVT-0312,Line-B,Packaging  ,03-10-2025 18:26,PT-2001,49.2,25.6C,NA,FFT38TH V9MJZF5T3M,Sup-Beta
EVT-0313,Line-D  ,  Painting,2025-07-21 17:93,pt-2002,41.2,93.6F,REJECT,4ZKZZDW4AUNTM7DFh,Sup-Alpha
EVT-0314,Line-B,Inspection,2024/13/40 25:99,PT-2001,24.8,41.3C,,XM41ZHGAJS5CPXGZT,SUP-DELTA
EVT-0315,  Line-A,Inspection,2024-10-04 18:20,pt-1001,23.1,38.4C,None,RKXRG5K3Z 77079WXT,sup-alpha
EVT-0316,Line-C,Packaging,11-04-2025 21:04,PT3001,28.2,43.7C, Reject,UHB53PLeATK6P1W93,SUP-GAMMA
EVT-0317,Line-C, Welding ,10-08-2025 11:75,PT-2002,51.9 Nm,112.8F,ok,79FHL1MW0MVE843 9U,sup-alpha
EVT-0318,Line-A,Welding,18-10-2025 06:40,PT-2002,27.0,21.9C,Reject,YAKH1Z6CPAHTAGYUH,SUP-GAMMA
EVT-0319,Line-A,  Inspection,2025/04/09 10:45,PT1001,40.1,32.4C,ok, B803W7DJYFXVYY8L3,SUP-BETA
EVT-0320,Line-D,Inspection,2024-12-02 15:38,PT-2002,23.0,42.0C,,5VSRGB8S4PCXBEVL9,SUP-BETA
EVT-0321,Line-A,Inspection,09-02-2025 15:27,PT-3001,53.0,32.6C,,7VS23GDRPS1Z9DPM5,SUP-GAMMA
EVT-0322,Line-D,Packaging,21/08/2024 22:48,PT-2001,26.4,37.5C,,GH5LE6A5EEJFYAA3H,SUP-BETA
EVT-0323,Line-D,Inspection,2024/04/14 15:50,PT-1002,22.9,20.2C,Repair,ZUJYDRR85JTF75KYX,SUP-DELTA
EVT-0324,Line-C  ,Painting,12-04-2025 06:21,pt-2002,44.4,20.1C,REJECT,TVNJDV0 HT B5JS NE75,SUP-ALPHA
EVT-0325,Line-D,Welding,22-11-2024 22:29,PT-1002,45.4,24.3C,,LJG85LYP7SJJVJW6P,SUP-BETA
EVT-0326,Line-B,Welding,08-28-2024 21:44,PT-2001,50.8,29.5C,,MFH8THEC4D246BM2E,SUP-DELTA
EVT-0327,Line-D,Painting,2024/13/40 25:99,PT-3001,50.7,40.2C,,WXPWU7G0HPZKL1CS9,SUP-DELTA
EVT-0328,Line-C,Assembly,01-21-2024 12:44,PT-1003,47.2,26.3C,Repair,0PDAL3X47C4JWUPLM,SUP-GAMMA
EVT-0329,Line-B,Assembly,05-08-2024 14:46,PT-1002,53.0,42.3C,Repair,JGRPKJ7R5VB94875F,SUP-BETA
EVT-0330,Line-A  ,Welding  ,2025/10/22 07:99,PT-1003,42.8 Nm,107.8F,None,FTMSC 0RJL9T9KMR6 J,SUP-DELTA
EVT-0331,Line-C,Welding,16-09-2025 19:43,PT-1003,50.5,29.4C,,4XYA74JF0LMA5VPEX,SUP-ALPHA
EVT-0332,Line-C,Packaging,not-a-date,PT-2001,21.2,20.9C,,MFH8THEC4D246BM2E,SUP-ALPHA
EVT-0333,Line-D,Assembly,2024-12-10 14:12,PT-1001,40.9,19.5C,Repair,KCKJLUEHZ0CPUPGP6,SUP-ALPHA
EVT-0334,Line-C,Welding,2025/07/24 13:15,PT-1001,52.1,27.8C,Repair,GJ7YXF1FN9YVZ42HB,SUP-BETA
EVT-0335,Line-A  ,Inspection,2024/06/05 06:05,PT 2001,28.0,80.4F,NA,8963E5 3K31VWDJH2P,sup-delta
